78,6,,Others,,,,,,,,,,,t,2024-10-18 11:53:47.663922+05:30,2024-10-18 11:53:47.663922+05:30,
83,3,,A.I.M. SALCETE HIGH SCHOOL,,,,,,,,,,,t,2024-10-23 10:54:53.931+05:30,2024-10-23 10:54:53.931+05:30,
85,3,,ABHINAV VIDYAMANDIR,,,,,,,,,,,t,2024-10-23 10:54:53.932+05:30,2024-10-23 10:54:53.932+05:30,
87,4,,ADARSH VIDYA PRASARAK MANDAL'S HIGHER SECONDARY SCHOOL,,,,,,,,,,,t,2024-10-23 10:54:53.932+05:30,2024-10-23 10:54:53.932+05:30,
98,3,,ASSAGAO UNION HIGH SCHOOL,,,,,,,,,,,t,2024-10-23 10:54:53.933+05:30,2024-10-23 10:54:53.933+05:30,
101,3,,"BAL BHARATI VIDYAMANDIR,",,,,,,,,,,,t,2024-10-23 10:54:53.933+05:30,2024-10-23 10:54:53.933+05:30,
102,3,,BALRAM - A DAY CARE SCHOOL,,,,,,,,,,,t,2024-10-23 10:54:53.933+05:30,2024-10-23 10:54:53.933+05:30,
105,3,,BETHANY CONVENT HIGH SCHOOL,,,,,,,,,,,t,2024-10-23 10:54:53.933+05:30,2024-10-23 10:54:53.933+05:30,
107,3,,BHATIKAR MODEL HIGH SCHOOL,,,,,,,,,,,t,2024-10-23 10:54:53.934+05:30,2024-10-23 10:54:53.934+05:30,
109,3,,CAMBRIDGE SCHOOL,,,,,,,,,,,t,2024-10-23 10:54:53.934+05:30,2024-10-23 10:54:53.934+05:30,
111,4,,CARMEL HIGHER SECONDARY SCHOOL,,,,,,,,,,,t,2024-10-23 10:54:53.934+05:30,2024-10-23 10:54:53.934+05:30,
113,3,,CHUBBY CHEEKS SPRING VALLEY HIGH SCHOOL,,,,,,,,,,,t,2024-10-23 10:54:53.934+05:30,2024-10-23 10:54:53.934+05:30,
115,3,,CUNCOLIM UNITED HIGH SCHOOL,,,,,,,,,,,t,2024-10-23 10:54:53.934+05:30,2024-10-23 10:54:53.934+05:30,
117,4,,D.M' S PVS SAROJINI MADHUSUDAN KUSHE HIGHER SECONDARY SCHOOL,,,,,,,,,,,t,2024-10-23 10:54:53.934+05:30,2024-10-23 10:54:53.934+05:30,
119,3,,DAMODAR ENGLISH HIGH SCHOOL,,,,,,,,,,,t,2024-10-23 10:54:53.934+05:30,2024-10-23 10:54:53.934+05:30,
121,3,,DATTARAM MANTRAVADI MEMORIAL HIGH SCHOOL,,,,,,,,,,,t,2024-10-23 10:54:53.934+05:30,2024-10-23 10:54:53.934+05:30,
123,3,,DAYANAND BANDODKAR MEMORIAL HIGH SCHOOL,,,,,,,,,,,t,2024-10-23 10:54:53.935+05:30,2024-10-23 10:54:53.935+05:30,
126,4,,DEMPO HIGHER SECONDARY SCHOOL OF SCIENCE,,,,,,,,,,,t,2024-10-23 10:54:53.935+05:30,2024-10-23 10:54:53.935+05:30,
127,3,,DEEPVIHAR HIGH SCHOOL,,,,,,,,,,,t,2024-10-23 10:54:53.935+05:30,2024-10-23 10:54:53.935+05:30,
139,4,,DON BOSCO HIGHER SECONDARY SCHOOL,,,,,,,,,,,t,2024-10-23 10:54:53.936+05:30,2024-10-23 10:54:53.936+05:30,
140,4,,DON BOSCO HIGHER SECONDARY SCHOOL,,,,,,,,,,,t,2024-10-23 10:54:53.936+05:30,2024-10-23 10:54:53.936+05:30,
151,3,,DR. SAKHARAM GUDE HIGH SCHOOL,,,,,,,,,,,t,2024-10-23 10:54:53.936+05:30,2024-10-23 10:54:53.936+05:30,
152,4,,DR.T.B. CUNHA GOVERNMENT HIGHER SECONDARY SCHOOL,,,,,,,,,,,t,2024-10-23 10:54:53.937+05:30,2024-10-23 10:54:53.937+05:30,
156,3,,"FR. AGNEL HIGH SCHOOL,",,,,,,,,,,,t,2024-10-23 10:54:53.937+05:30,2024-10-23 10:54:53.937+05:30,
159,4,,FR. AGNEL MULTIPURPOSE HIGHER SECONDARY SCHOOL,,,,,,,,,,,t,2024-10-23 10:54:53.937+05:30,2024-10-23 10:54:53.937+05:30,
162,4,,G.V.M'S ADARSH HIGHER SECONDARY SCHOOL,,,,,,,,,,,t,2024-10-23 10:54:53.937+05:30,2024-10-23 10:54:53.937+05:30,
165,3,,GES'S GURUKUL HIGH SCHOOL,,,,,,,,,,,t,2024-10-23 10:54:53.937+05:30,2024-10-23 10:54:53.937+05:30,
168,3,,"GOVERMENT HIGH SCHOOL, Shigao - Dharbandora - Goa",,,,,,,,,,,t,2024-10-23 10:54:53.938+05:30,2024-10-23 10:54:53.938+05:30,
170,3,,GOVERNMENT HIGH SCHOOL,,,,,,,,,,,t,2024-10-23 10:54:53.938+05:30,2024-10-23 10:54:53.938+05:30,
172,3,,GOVERNMENT HIGH SCHOOL,,,,,,,,,,,t,2024-10-23 10:54:53.938+05:30,2024-10-23 10:54:53.938+05:30,
174,3,,GOVERNMENT HIGH SCHOOL,,,,,,,,,,,t,2024-10-23 10:54:53.938+05:30,2024-10-23 10:54:53.938+05:30,
176,3,,GOVERNMENT HIGH SCHOOL,,,,,,,,,,,t,2024-10-23 10:54:53.938+05:30,2024-10-23 10:54:53.938+05:30,
177,3,,GOVERNMENT HIGH SCHOOL,,,,,,,,,,,t,2024-10-23 10:54:53.938+05:30,2024-10-23 10:54:53.938+05:30,
181,3,,GOVERNMENT HIGH SCHOOL,,,,,,,,,,,t,2024-10-23 10:54:53.938+05:30,2024-10-23 10:54:53.938+05:30,
184,3,,GOVERNMENT HIGH SCHOOL,,,,,,,,,,,t,2024-10-23 10:54:53.938+05:30,2024-10-23 10:54:53.938+05:30,
187,3,,GOVERNMENT HIGH SCHOOL,,,,,,,,,,,t,2024-10-23 10:54:53.938+05:30,2024-10-23 10:54:53.938+05:30,
190,3,,GOVERNMENT HIGH SCHOOL,,,,,,,,,,,t,2024-10-23 10:54:53.939+05:30,2024-10-23 10:54:53.939+05:30,
193,3,,GOVERNMENT HIGH SCHOOL,,,,,,,,,,,t,2024-10-23 10:54:53.939+05:30,2024-10-23 10:54:53.939+05:30,
194,3,,GOVERNMENT HIGH SCHOOL,,,,,,,,,,,t,2024-10-23 10:54:53.939+05:30,2024-10-23 10:54:53.939+05:30,
195,3,,GOVERNMENT HIGH SCHOOL,,,,,,,,,,,t,2024-10-23 10:54:53.939+05:30,2024-10-23 10:54:53.939+05:30,
196,3,,GOVERNMENT HIGH SCHOOL,,,,,,,,,,,t,2024-10-23 10:54:53.939+05:30,2024-10-23 10:54:53.939+05:30,
197,3,,"GOVERNMENT HIGH SCHOOL - ADVOI, SATTARI GOA",,,,,,,,,,,t,2024-10-23 10:54:53.939+05:30,2024-10-23 10:54:53.939+05:30,
198,3,,GOVERNMENT HIGH SCHOOL AGONDA,,,,,,,,,,,t,2024-10-23 10:54:53.939+05:30,2024-10-23 10:54:53.939+05:30,
199,3,,GOVERNMENT HIGH SCHOOL AMBEDEM NAGARGAO,,,,,,,,,,,t,2024-10-23 10:54:53.939+05:30,2024-10-23 10:54:53.939+05:30,
200,3,,GOVERNMENT HIGH SCHOOL HANKHANE,,,,,,,,,,,t,2024-10-23 10:54:53.939+05:30,2024-10-23 10:54:53.939+05:30,
201,3,,GOVERNMENT HIGH SCHOOL MAINA,,,,,,,,,,,t,2024-10-23 10:54:53.939+05:30,2024-10-23 10:54:53.939+05:30,
202,3,,GOVERNMENT HIGH SCHOOL MERCES TISWADI GOA,,,,,,,,,,,t,2024-10-23 10:54:53.939+05:30,2024-10-23 10:54:53.939+05:30,
203,3,,GOVERNMENT HIGH SCHOOL MORLEM,,,,,,,,,,,t,2024-10-23 10:54:53.939+05:30,2024-10-23 10:54:53.939+05:30,
204,3,,"GOVERNMENT HIGH SCHOOL MULGAO, BICHOLIM GOA",,,,,,,,,,,t,2024-10-23 10:54:53.939+05:30,2024-10-23 10:54:53.939+05:30,
205,3,,GOVERNMENT HIGH SCHOOL NETORLIM SANGUEM GOA,,,,,,,,,,,t,2024-10-23 10:54:53.939+05:30,2024-10-23 10:54:53.939+05:30,
206,3,,GOVERNMENT HIGH SCHOOL NEW VADDEM VASCO,,,,,,,,,,,t,2024-10-23 10:54:53.939+05:30,2024-10-23 10:54:53.939+05:30,
207,3,,"GOVERNMENT HIGH SCHOOL PALEM SIRIDAO, TISWADI - GOA",,,,,,,,,,,t,2024-10-23 10:54:53.939+05:30,2024-10-23 10:54:53.939+05:30,
208,3,,GOVERNMENT HIGH SCHOOL SADOLXEM CANACONA,,,,,,,,,,,t,2024-10-23 10:54:53.939+05:30,2024-10-23 10:54:53.939+05:30,
209,3,,GOVERNMENT HIGH SCHOOL SAL - BICHOLIM - GOA,,,,,,,,,,,t,2024-10-23 10:54:53.939+05:30,2024-10-23 10:54:53.939+05:30,
210,3,,GOVERNMENT HIGH SCHOOL SAVARDE SATTARI,,,,,,,,,,,t,2024-10-23 10:54:53.939+05:30,2024-10-23 10:54:53.939+05:30,
211,3,,GOVERNMENT HIGH SCHOOL SHELOP KHURD SATTARI,,,,,,,,,,,t,2024-10-23 10:54:53.939+05:30,2024-10-23 10:54:53.939+05:30,
212,3,,"GOVERNMENT HIGH SCHOOL VADDEM-CURDI, SANGUEM-GOA.",,,,,,,,,,,t,2024-10-23 10:54:53.939+05:30,2024-10-23 10:54:53.939+05:30,
213,3,,GOVERNMENT HIGH SCHOOL VADENAGAR VASCO,,,,,,,,,,,t,2024-10-23 10:54:53.939+05:30,2024-10-23 10:54:53.939+05:30,
214,3,,GOVERNMENT HIGH SCHOOL VALKINI-SANGUEM,,,,,,,,,,,t,2024-10-23 10:54:53.939+05:30,2024-10-23 10:54:53.939+05:30,
215,3,,GOVERNMENT HIGH SCHOOL VALPOI,,,,,,,,,,,t,2024-10-23 10:54:53.94+05:30,2024-10-23 10:54:53.94+05:30,
216,3,,GOVERNMENT HIGH SCHOOL VASCO MAIN,,,,,,,,,,,t,2024-10-23 10:54:53.94+05:30,2024-10-23 10:54:53.94+05:30,
217,3,,GOVERNMENT HIGH SCHOOL VIDHYANAGAR,,,,,,,,,,,t,2024-10-23 10:54:53.94+05:30,2024-10-23 10:54:53.94+05:30,
218,3,,GOVERNMENT HIGH SCHOOL ZAMBAULIM,,,,,,,,,,,t,2024-10-23 10:54:53.94+05:30,2024-10-23 10:54:53.94+05:30,
219,3,,"GOVERNMENT HIGH SCHOOL,",,,,,,,,,,,t,2024-10-23 10:54:53.94+05:30,2024-10-23 10:54:53.94+05:30,
220,3,,"GOVERNMENT HIGH SCHOOL,",,,,,,,,,,,t,2024-10-23 10:54:53.94+05:30,2024-10-23 10:54:53.94+05:30,
221,3,,"GOVERNMENT HIGH SCHOOL,",,,,,,,,,,,t,2024-10-23 10:54:53.94+05:30,2024-10-23 10:54:53.94+05:30,
222,3,,"GOVERNMENT HIGH SCHOOL, AMBAULIM",,,,,,,,,,,t,2024-10-23 10:54:53.94+05:30,2024-10-23 10:54:53.94+05:30,
223,3,,"GOVERNMENT HIGH SCHOOL, BETODA, GOA",,,,,,,,,,,t,2024-10-23 10:54:53.94+05:30,2024-10-23 10:54:53.94+05:30,
224,3,,"Government High School, Bicholim",,,,,,,,,,,t,2024-10-23 10:54:53.94+05:30,2024-10-23 10:54:53.94+05:30,
225,3,,"GOVERNMENT HIGH SCHOOL, COLAMB, RIVONA",,,,,,,,,,,t,2024-10-23 10:54:53.94+05:30,2024-10-23 10:54:53.94+05:30,
226,3,,"GOVERNMENT HIGH SCHOOL, DHAUSHIRE",,,,,,,,,,,t,2024-10-23 10:54:53.94+05:30,2024-10-23 10:54:53.94+05:30,
227,3,,"GOVERNMENT HIGH SCHOOL, DONA PAULA",,,,,,,,,,,t,2024-10-23 10:54:53.941+05:30,2024-10-23 10:54:53.941+05:30,
228,3,,"GOVERNMENT HIGH SCHOOL, KUNDAI",,,,,,,,,,,t,2024-10-23 10:54:53.941+05:30,2024-10-23 10:54:53.941+05:30,
229,3,,"GOVERNMENT HIGH SCHOOL, MANGOR-HILL, VASCO.",,,,,,,,,,,t,2024-10-23 10:54:53.941+05:30,2024-10-23 10:54:53.941+05:30,
230,3,,"GOVERNMENT HIGH SCHOOL, MORPIRLA",,,,,,,,,,,t,2024-10-23 10:54:53.941+05:30,2024-10-23 10:54:53.941+05:30,
231,3,,"GOVERNMENT HIGH SCHOOL, Navelim Sanquelim Goa.",,,,,,,,,,,t,2024-10-23 10:54:53.941+05:30,2024-10-23 10:54:53.941+05:30,
232,3,,"GOVERNMENT HIGH SCHOOL, SHELDEM QUEPEM",,,,,,,,,,,t,2024-10-23 10:54:53.941+05:30,2024-10-23 10:54:53.941+05:30,
233,3,,"GOVERNMENT HIGH SCHOOL, SHIRGAO",,,,,,,,,,,t,2024-10-23 10:54:53.941+05:30,2024-10-23 10:54:53.941+05:30,
234,3,,"GOVERNMENT HIGH SCHOOL, Shirodwadi - Mulgao",,,,,,,,,,,t,2024-10-23 10:54:53.941+05:30,2024-10-23 10:54:53.941+05:30,
235,3,,"GOVERNMENT HIGH SHOOL,",,,,,,,,,,,t,2024-10-23 10:54:53.941+05:30,2024-10-23 10:54:53.941+05:30,
236,4,,GOVERNMENT HIGHER SECONDARY SCHOOL,,,,,,,,,,,t,2024-10-23 10:54:53.941+05:30,2024-10-23 10:54:53.941+05:30,
237,4,,GOVERNMENT HIGHER SECONDARY SCHOOL,,,,,,,,,,,t,2024-10-23 10:54:53.941+05:30,2024-10-23 10:54:53.941+05:30,
238,4,,GOVERNMENT HIGHER SECONDARY SCHOOL,,,,,,,,,,,t,2024-10-23 10:54:53.941+05:30,2024-10-23 10:54:53.941+05:30,
239,4,,GOVERNMENT HIGHER SECONDARY SCHOOL,,,,,,,,,,,t,2024-10-23 10:54:53.941+05:30,2024-10-23 10:54:53.941+05:30,
99,3,,ASSUMPTA CONVENT HIGH SCHOOL,,,,,,,,,,,t,2024-10-23 10:54:53.933+05:30,2024-10-23 10:54:53.933+05:30,
1,5,,Agnel Institute of Food Craft and Culinary Sciences Verna,,,,,,,,,,,t,2024-10-18 11:53:47.663922+05:30,2024-10-18 11:53:47.663922+05:30,
2,5,,Agnel Institute of Technology and Design Assagao Bardez Goa.,,,,,,,,,,,t,2024-10-18 11:53:47.663922+05:30,2024-10-18 11:53:47.663922+05:30,
3,5,,Agnel Polytechnic Verna.,,,,,,,,,,,t,2024-10-18 11:53:47.663922+05:30,2024-10-18 11:53:47.663922+05:30,
4,5,,CARMEL COLLEGE OF ARTS SCIENCE AND COMMERCE FOR WOMEN,,,,,,,,,,,t,2024-10-18 11:53:47.663922+05:30,2024-10-18 11:53:47.663922+05:30,
5,5,,D.C.T.'s S. S. Dempo College of Commerce & Economics,,,,,,,,,,,t,2024-10-18 11:53:47.663922+05:30,2024-10-18 11:53:47.663922+05:30,
6,5,,"DCT''s Dhempe College of Arts and Science, Miramar.",,,,,,,,,,,t,2024-10-18 11:53:47.663922+05:30,2024-10-18 11:53:47.663922+05:30,
7,5,,"Dnyanprassarak Mandal''s College and Research Centre, Assagaon, Goa",,,,,,,,,,,t,2024-10-18 11:53:47.663922+05:30,2024-10-18 11:53:47.663922+05:30,
8,5,,Don Bosco College of Agriculture,,,,,,,,,,,t,2024-10-18 11:53:47.663922+05:30,2024-10-18 11:53:47.663922+05:30,
9,5,,"Don Bosco College of Engineering,Fatorda (MINORITY INSTITUTION)",,,,,,,,,,,t,2024-10-18 11:53:47.663922+05:30,2024-10-18 11:53:47.663922+05:30,
10,5,,DPM's SHREE MALLIKARJUN & Shri Chetan Manju Desai College,,,,,,,,,,,t,2024-10-18 11:53:47.663922+05:30,2024-10-18 11:53:47.663922+05:30,
11,5,,Fr. Agnel College of Arts & Commerce,,,,,,,,,,,t,2024-10-18 11:53:47.663922+05:30,2024-10-18 11:53:47.663922+05:30,
12,5,,Ganpat Parsekar College of Education,,,,,,,,,,,t,2024-10-18 11:53:47.663922+05:30,2024-10-18 11:53:47.663922+05:30,
13,5,,Goa College of Architecture,,,,,,,,,,,t,2024-10-18 11:53:47.663922+05:30,2024-10-18 11:53:47.663922+05:30,
14,5,,"Goa College of Art, Panaji",,,,,,,,,,,t,2024-10-18 11:53:47.663922+05:30,2024-10-18 11:53:47.663922+05:30,
15,5,,"Goa College of Engineering, Ponda",,,,,,,,,,,t,2024-10-18 11:53:47.663922+05:30,2024-10-18 11:53:47.663922+05:30,
16,5,,Goa College of Home Science,,,,,,,,,,,t,2024-10-18 11:53:47.663922+05:30,2024-10-18 11:53:47.663922+05:30,
17,5,,Goa College of Music,,,,,,,,,,,t,2024-10-18 11:53:47.663922+05:30,2024-10-18 11:53:47.663922+05:30,
18,5,,"Goa College of Pharmacy, Panaji",,,,,,,,,,,t,2024-10-18 11:53:47.663922+05:30,2024-10-18 11:53:47.663922+05:30,
19,5,,"Goa Dental College,Bambolim",,,,,,,,,,,t,2024-10-18 11:53:47.663922+05:30,2024-10-18 11:53:47.663922+05:30,
20,5,,"Goa Medical College, Bambolim",,,,,,,,,,,t,2024-10-18 11:53:47.663922+05:30,2024-10-18 11:53:47.663922+05:30,
21,5,,"Gomantak Ayurveda Mahavidyalaya & Research Centre, Shiroda.",,,,,,,,,,,t,2024-10-18 11:53:47.663922+05:30,2024-10-18 11:53:47.663922+05:30,
22,5,,Government College Khandola Marcela Goa,,,,,,,,,,,t,2024-10-18 11:53:47.663922+05:30,2024-10-18 11:53:47.663922+05:30,
23,5,,"Government College of Arts, Science and Commerce, Quepem",,,,,,,,,,,t,2024-10-18 11:53:47.663922+05:30,2024-10-18 11:53:47.663922+05:30,
24,5,,"Government College of Arts, Science and Commerce, Sanquelim-Goa.",,,,,,,,,,,t,2024-10-18 11:53:47.663922+05:30,2024-10-18 11:53:47.663922+05:30,
25,5,,"Government College of Commerce and Economics, Borda, Margao-403601",,,,,,,,,,,t,2024-10-18 11:53:47.663922+05:30,2024-10-18 11:53:47.663922+05:30,
26,5,,Government Polytechnic Bicholim,,,,,,,,,,,t,2024-10-18 11:53:47.663922+05:30,2024-10-18 11:53:47.663922+05:30,
27,5,,Government Polytechnic Curchorem,,,,,,,,,,,t,2024-10-18 11:53:47.663922+05:30,2024-10-18 11:53:47.663922+05:30,
28,5,,"Government Polytechnic, Panaji",,,,,,,,,,,t,2024-10-18 11:53:47.663922+05:30,2024-10-18 11:53:47.663922+05:30,
29,5,,"Guardian Angel Institute of HMCT, Curchorem",,,,,,,,,,,t,2024-10-18 11:53:47.663922+05:30,2024-10-18 11:53:47.663922+05:30,
30,5,,"GVM''s Dr. Dada vidya college of Education Ponda, Goa",,,,,,,,,,,t,2024-10-18 11:53:47.663922+05:30,2024-10-18 11:53:47.663922+05:30,
31,5,,GVMs Gopal Govind Poy Raiturcar College of Commerce & Economics,,,,,,,,,,,t,2024-10-18 11:53:47.663922+05:30,2024-10-18 11:53:47.663922+05:30,
32,5,,"Institute of Nursing Education, Bambolim .",,,,,,,,,,,t,2024-10-18 11:53:47.663922+05:30,2024-10-18 11:53:47.663922+05:30,
33,5,,"Institute of ShipBuilding Tech., Vasco",,,,,,,,,,,t,2024-10-18 11:53:47.663922+05:30,2024-10-18 11:53:47.663922+05:30,
34,5,,KALA ACADEMY GOA'S COLLEGE OF THEATRE ARTS-403001,,,,,,,,,,,t,2024-10-18 11:53:47.663922+05:30,2024-10-18 11:53:47.663922+05:30,
35,5,,"Maharashtra Animal and Fishery Science University, Nagpur.",,,,,,,,,,,t,2024-10-18 11:53:47.663922+05:30,2024-10-18 11:53:47.663922+05:30,
36,5,,Mandre College of Commerce and Economics,,,,,,,,,,,t,2024-10-18 11:53:47.663922+05:30,2024-10-18 11:53:47.663922+05:30,
37,5,,Murgaon Education Society's College of Arts & Commerce,,,,,,,,,,,t,2024-10-18 11:53:47.663922+05:30,2024-10-18 11:53:47.663922+05:30,
38,5,,NARAYAN ZANTYE COLLEGE OF COMMERCE,,,,,,,,,,,t,2024-10-18 11:53:47.663922+05:30,2024-10-18 11:53:47.663922+05:30,
39,5,,"Nirmala Institute of Education, Altinho, Panaji-Goa",,,,,,,,,,,t,2024-10-18 11:53:47.663922+05:30,2024-10-18 11:53:47.663922+05:30,
40,5,,"P.E. S.Rajaram & Tarabai Bandekar College of Pharmacy. Farmagudi, Goa.",,,,,,,,,,,t,2024-10-18 11:53:47.663922+05:30,2024-10-18 11:53:47.663922+05:30,
41,5,,"Padre Conceicao College of Engg., Verna",,,,,,,,,,,t,2024-10-18 11:53:47.663922+05:30,2024-10-18 11:53:47.663922+05:30,
42,5,,Parvatibai Chowgule College of Arts and Science-Autonomous,,,,,,,,,,,t,2024-10-18 11:53:47.663922+05:30,2024-10-18 11:53:47.663922+05:30,
43,5,,Ponda Education Society's Ravi S Naik College of Arts and Science Farmagudi Ponda Goa,,,,,,,,,,,t,2024-10-18 11:53:47.663922+05:30,2024-10-18 11:53:47.663922+05:30,
44,5,,Rosary College of Commerce & Arts,,,,,,,,,,,t,2024-10-18 11:53:47.663922+05:30,2024-10-18 11:53:47.663922+05:30,
45,5,,"SATERI PISANI EDUCATION SOCIETY''S Shri. Gopal Gaonkar Memorial, GOA MULTI-FACULTY COLLEGE DHARBANDORA-GOA.",,,,,,,,,,,t,2024-10-18 11:53:47.663922+05:30,2024-10-18 11:53:47.663922+05:30,
46,5,,"Shree Brahmanand Sanskrut Prabhodhini Tapobhoomi Kundaim, Ponda-Goa",,,,,,,,,,,t,2024-10-18 11:53:47.663922+05:30,2024-10-18 11:53:47.663922+05:30,
47,5,,"Shree Kamaxidevi Homeopathic Medical College, Shiroda",,,,,,,,,,,t,2024-10-18 11:53:47.663922+05:30,2024-10-18 11:53:47.663922+05:30,
48,5,,"Shree Rayeshwar Institute of Engg. & Information Technology, Shiroda",,,,,,,,,,,t,2024-10-18 11:53:47.663922+05:30,2024-10-18 11:53:47.663922+05:30,
49,5,,SSA Govt. College of Arts Commerce Virnoda Pernem,,,,,,,,,,,t,2024-10-18 11:53:47.663922+05:30,2024-10-18 11:53:47.663922+05:30,
50,5,,St. Joseph Vaz College,,,,,,,,,,,t,2024-10-18 11:53:47.663922+05:30,2024-10-18 11:53:47.663922+05:30,
51,5,,"St. Xavier''s College, Mapusa Goa.",,,,,,,,,,,t,2024-10-18 11:53:47.663922+05:30,2024-10-18 11:53:47.663922+05:30,
52,5,,SV's Sridora Caculo College of Commerce and Management Studies,,,,,,,,,,,t,2024-10-18 11:53:47.663922+05:30,2024-10-18 11:53:47.663922+05:30,
53,5,,Swami Vivekanand Vidyaprasarak Mandal's College of Commerce,,,,,,,,,,,t,2024-10-18 11:53:47.663922+05:30,2024-10-18 11:53:47.663922+05:30,
54,5,,"The Cuncolim Educational Society''s, College of Arts & Commerce, Cuncolim ,Goa.",,,,,,,,,,,t,2024-10-18 11:53:47.663922+05:30,2024-10-18 11:53:47.663922+05:30,
55,5,,"V.M.Salgaocar College of Law,Miramar Panjim Goa",,,,,,,,,,,t,2024-10-18 11:53:47.663922+05:30,2024-10-18 11:53:47.663922+05:30,
56,5,,"Vidya Prabodhini College of Commerce, Education, Computer and Management, Porvorim Goa",,,,,,,,,,,t,2024-10-18 11:53:47.663922+05:30,2024-10-18 11:53:47.663922+05:30,
57,5,,"Vrundavan Institute of Nursing Education, Colvale.",,,,,,,,,,,t,2024-10-18 11:53:47.663922+05:30,2024-10-18 11:53:47.663922+05:30,
58,5,,VVM's GOVIND RAMNATH KARE COLLEGE OF LAW,,,,,,,,,,,t,2024-10-18 11:53:47.663922+05:30,2024-10-18 11:53:47.663922+05:30,
59,5,,VVM's Shree Damodar College of Commerce & Economics,,,,,,,,,,,t,2024-10-18 11:53:47.663922+05:30,2024-10-18 11:53:47.663922+05:30,
61,5,,"Ponda Education Society''s College of Education, Farmagudi, Ponda Goa",,,,,,,,,,,t,2024-10-18 11:53:47.663922+05:30,2024-10-18 11:53:47.663922+05:30,
62,5,,Goa college of Agriculture,,,,,,,,,,,t,2024-10-18 11:53:47.663922+05:30,2024-10-18 11:53:47.663922+05:30,
63,5,,Kamaxi College of Culinary Arts,,,,,,,,,,,t,2024-10-18 11:53:47.663922+05:30,2024-10-18 11:53:47.663922+05:30,
64,5,,Indian Institute Of Technologyâ€“Goa,,,,,,,,,,,t,2024-10-18 11:53:47.663922+05:30,2024-10-18 11:53:47.663922+05:30,
67,5,,All India Institute of Ayurveda,,,,,,,,,,,t,2024-10-18 11:53:47.663922+05:30,2024-10-18 11:53:47.663922+05:30,
68,5,,DNYANVARDHINI DIVYANG TRAINING COLLEGE,,,,,,,,,,,t,2024-10-18 11:53:47.663922+05:30,2024-10-18 11:53:47.663922+05:30,
69,5,,"Don Bosco College, Panaji",,,,,,,,,,,t,2024-10-18 11:53:47.663922+05:30,2024-10-18 11:53:47.663922+05:30,
70,5,,GOA COLLEGE OF HOSPITALITY & CULINARY EDUCATION,,,,,,,,,,,t,2024-10-18 11:53:47.663922+05:30,2024-10-18 11:53:47.663922+05:30,
71,5,,JD Institute of Fashion Technology,,,,,,,,,,,t,2024-10-18 11:53:47.663922+05:30,2024-10-18 11:53:47.663922+05:30,
72,5,,National Institute of Hydrography,,,,,,,,,,,t,2024-10-18 11:53:47.663922+05:30,2024-10-18 11:53:47.663922+05:30,
599,1,,Others,,,,,,,,,,,t,2024-10-18 11:53:47.663922+05:30,2024-10-18 11:53:47.663922+05:30,
600,2,,Others,,,,,,,,,,,t,2024-10-18 11:53:47.663922+05:30,2024-10-18 11:53:47.663922+05:30,
73,5,,Naval Special Warfare & Tactical Training Center,,,,,,,,,,,t,2024-10-18 11:53:47.663922+05:30,2024-10-18 11:53:47.663922+05:30,
74,5,,Ramanata Crisna Pai Raikar School of Agriculture,,,,,,,,,,,t,2024-10-18 11:53:47.663922+05:30,2024-10-18 11:53:47.663922+05:30,
75,5,,Sai Nursing Institute,,,,,,,,,,,t,2024-10-18 11:53:47.663922+05:30,2024-10-18 11:53:47.663922+05:30,
76,5,,V.M.SALGAOCAR INSTITUTE OF INTERNATIONAL HOSPITALITY EDU,,,,,,,,,,,t,2024-10-18 11:53:47.663922+05:30,2024-10-18 11:53:47.663922+05:30,
77,5,,Institute of Psychiatry and Human Behaviour,,,,,,,,,,,t,2024-10-18 11:53:47.663922+05:30,2024-10-18 11:53:47.663922+05:30,
79,4,,(BHAUSAHEB BANDODKAR SHIKSHAN SAUNSTHAS) VISHWESHWAR SHANKAR LAAD HIGHER SECONDARY SCHOOL,,,,,,,,,,,t,2024-10-23 10:54:53.93+05:30,2024-10-23 10:54:53.93+05:30,
80,4,,(MORMUGAO PORT TRUST EDUC. SOCIETY) DEEPVIHAR HIGHER SECONDARY SCHOOL,,,,,,,,,,,t,2024-10-23 10:54:53.931+05:30,2024-10-23 10:54:53.931+05:30,
81,4,,(SACORDEM EDUCATIONAL SOCIETY'S) MADHAVRAO TALAULICAR HIGHER SECONDARY SCHOOL,,,,,,,,,,,t,2024-10-23 10:54:53.931+05:30,2024-10-23 10:54:53.931+05:30,
82,3,,"2nd Lt. J. J. RANE, GOVERNMENT HIGH SCHOOL Kudchire Bicholim Goa",,,,,,,,,,,t,2024-10-23 10:54:53.931+05:30,2024-10-23 10:54:53.931+05:30,
84,3,,A.J.DE ALMEIDA HIGH SCHOOL,,,,,,,,,,,t,2024-10-23 10:54:53.931+05:30,2024-10-23 10:54:53.931+05:30,
86,3,,ADARSH V.V. HIGH SCHOOL,,,,,,,,,,,t,2024-10-23 10:54:53.932+05:30,2024-10-23 10:54:53.932+05:30,
88,3,,AIM ENGLISH MEDIUM HIGH SCHOOL,,,,,,,,,,,t,2024-10-23 10:54:53.932+05:30,2024-10-23 10:54:53.932+05:30,
89,4,,AIM HIGHER SECONDARY SCHOOL,,,,,,,,,,,t,2024-10-23 10:54:53.932+05:30,2024-10-23 10:54:53.932+05:30,
90,3,,AIRWAY PUBLIC SCHOOL,,,,,,,,,,,t,2024-10-23 10:54:53.932+05:30,2024-10-23 10:54:53.932+05:30,
91,3,,AL HUDA INTERNATIONAL ISLAMIC HIGH SCHOOL,,,,,,,,,,,t,2024-10-23 10:54:53.932+05:30,2024-10-23 10:54:53.932+05:30,
92,3,,AL-FALAH EDUCATION SOCIETY'S CRESCENT SCHOOL,,,,,,,,,,,t,2024-10-23 10:54:53.932+05:30,2024-10-23 10:54:53.932+05:30,
93,3,,AL-MADINA HIGH SCHOOL,,,,,,,,,,,t,2024-10-23 10:54:53.932+05:30,2024-10-23 10:54:53.932+05:30,
94,3,,ALORNA PANCHYAKROSHI HIGH SCHOOL,,,,,,,,,,,t,2024-10-23 10:54:53.932+05:30,2024-10-23 10:54:53.932+05:30,
95,3,,AMEENIYA HIGH SCHOOL,,,,,,,,,,,t,2024-10-23 10:54:53.932+05:30,2024-10-23 10:54:53.932+05:30,
96,3,,ANJUMAN HIMAYATUL ISLAM HIGH SCHOOL,,,,,,,,,,,t,2024-10-23 10:54:53.932+05:30,2024-10-23 10:54:53.932+05:30,
97,3,,ANJUMAN NURUL ISLAM HIGH SCHOOL,,,,,,,,,,,t,2024-10-23 10:54:53.933+05:30,2024-10-23 10:54:53.933+05:30,
100,3,,AZMANE HIGH SCHOOL,,,,,,,,,,,t,2024-10-23 10:54:53.933+05:30,2024-10-23 10:54:53.933+05:30,
103,4,,BALRAM HIGHER SECONDARY SCHOOL,,,,,,,,,,,t,2024-10-23 10:54:53.933+05:30,2024-10-23 10:54:53.933+05:30,
104,3,,BARABHUMI HIGH SCHOOL,,,,,,,,,,,t,2024-10-23 10:54:53.933+05:30,2024-10-23 10:54:53.933+05:30,
106,3,,BHAGWAN MAHAVIR GOVERNMENT HIGH SCHOOL,,,,,,,,,,,t,2024-10-23 10:54:53.933+05:30,2024-10-23 10:54:53.933+05:30,
108,3,,BUSY BEE ENGLISH HIGH SCHOOL,,,,,,,,,,,t,2024-10-23 10:54:53.934+05:30,2024-10-23 10:54:53.934+05:30,
110,3,,CAMILO PEREIRA MEMORIAL GOVERNMENT HIGH SCHOOL. BAINA. VASCO,,,,,,,,,,,t,2024-10-23 10:54:53.934+05:30,2024-10-23 10:54:53.934+05:30,
112,3,,CHANDRANATH EDUCATIONAL SOCIETY'S HIGH SCHOOL,,,,,,,,,,,t,2024-10-23 10:54:53.934+05:30,2024-10-23 10:54:53.934+05:30,
114,3,,"Corner Stone High School, Karaswada Mapusa Bardez Goa",,,,,,,,,,,t,2024-10-23 10:54:53.934+05:30,2024-10-23 10:54:53.934+05:30,
116,4,,CUNCOLIM UNITED HIGHER SECONDARY SCHOOL,,,,,,,,,,,t,2024-10-23 10:54:53.934+05:30,2024-10-23 10:54:53.934+05:30,
118,3,,"DADA VAIDYA HIGH SCHOOL,",,,,,,,,,,,t,2024-10-23 10:54:53.934+05:30,2024-10-23 10:54:53.934+05:30,
120,4,,DAMODAR ENGLISH HIGHER SECONDARY SCHOOL,,,,,,,,,,,t,2024-10-23 10:54:53.934+05:30,2024-10-23 10:54:53.934+05:30,
122,3,,DAYANAND BANDODKAR HIGH SCHOOL,,,,,,,,,,,t,2024-10-23 10:54:53.935+05:30,2024-10-23 10:54:53.935+05:30,
124,3,,"DAYANAND HIGH SCHOOL,",,,,,,,,,,,t,2024-10-23 10:54:53.935+05:30,2024-10-23 10:54:53.935+05:30,
125,4,,"DCT''S VASANTRAO DEMPO HIGHER SECONDARY SCHOOL OF ARTS, SCIENCE & COMMERCE",,,,,,,,,,,t,2024-10-23 10:54:53.935+05:30,2024-10-23 10:54:53.935+05:30,
128,3,,DEVAPPA DESAI HIGH SCHOOL,,,,,,,,,,,t,2024-10-23 10:54:53.935+05:30,2024-10-23 10:54:53.935+05:30,
129,3,,Diogo Vaz Higher Secondary School,,,,,,,,,,,t,2024-10-23 10:54:53.935+05:30,2024-10-23 10:54:53.935+05:30,
130,3,,DIVINE MERCY EDGAR FRANCISCO BRAGANZA MEMORIAL ENGLISH MEDIUM HIGH SCHOOL,,,,,,,,,,,t,2024-10-23 10:54:53.935+05:30,2024-10-23 10:54:53.935+05:30,
131,3,,Dnyandeep Academy High School,,,,,,,,,,,t,2024-10-23 10:54:53.935+05:30,2024-10-23 10:54:53.935+05:30,
132,3,,DNYANJYOTI HIGH SCHOOL,,,,,,,,,,,t,2024-10-23 10:54:53.935+05:30,2024-10-23 10:54:53.935+05:30,
133,4,,DNYANPRAKASH MANDAL BICHOLIM HIGHER SECONDARY SCHOOL,,,,,,,,,,,t,2024-10-23 10:54:53.935+05:30,2024-10-23 10:54:53.935+05:30,
134,3,,DNYANPRASARK VIDYALAYA,,,,,,,,,,,t,2024-10-23 10:54:53.935+05:30,2024-10-23 10:54:53.935+05:30,
135,3,,"DON BOSCO FARM HIGH SCHOOL,",,,,,,,,,,,t,2024-10-23 10:54:53.935+05:30,2024-10-23 10:54:53.935+05:30,
136,3,,DON BOSCO HIGH SCHOOL,,,,,,,,,,,t,2024-10-23 10:54:53.936+05:30,2024-10-23 10:54:53.936+05:30,
137,3,,"DON BOSCO HIGH SCHOOL, PANAJI -GOA",,,,,,,,,,,t,2024-10-23 10:54:53.936+05:30,2024-10-23 10:54:53.936+05:30,
138,3,,"DON BOSCO HIGH SCHOOL, TUEM PERNEM GOA",,,,,,,,,,,t,2024-10-23 10:54:53.936+05:30,2024-10-23 10:54:53.936+05:30,
141,3,,"DON BOSCO NIGHT HIGH SCHOOL,",,,,,,,,,,,t,2024-10-23 10:54:53.936+05:30,2024-10-23 10:54:53.936+05:30,
142,4,,DON BOSCO NIGHT HIGHER SECONDARY SCHOOL,,,,,,,,,,,t,2024-10-23 10:54:53.936+05:30,2024-10-23 10:54:53.936+05:30,
143,3,,DONA LEONOR MEMORIAL HIGH SCHOOL,,,,,,,,,,,t,2024-10-23 10:54:53.936+05:30,2024-10-23 10:54:53.936+05:30,
144,4,,DR. AMBEDKAR HIGHER SECONDARY SCHOOL,,,,,,,,,,,t,2024-10-23 10:54:53.936+05:30,2024-10-23 10:54:53.936+05:30,
145,3,,DR. BABASAHEB AMBEDKAR ENGLISH HIGH SCHOOL,,,,,,,,,,,t,2024-10-23 10:54:53.936+05:30,2024-10-23 10:54:53.936+05:30,
146,3,,DR. K. B. HEDGEWAR HIGH SCHOOL,,,,,,,,,,,t,2024-10-23 10:54:53.936+05:30,2024-10-23 10:54:53.936+05:30,
147,3,,"Dr. K. B. Hedgewar Higher Secondary School, Curti-Ponda",,,,,,,,,,,t,2024-10-23 10:54:53.936+05:30,2024-10-23 10:54:53.936+05:30,
148,3,,Dr. K. B. Hedgewar Vidyalaya,,,,,,,,,,,t,2024-10-23 10:54:53.936+05:30,2024-10-23 10:54:53.936+05:30,
149,3,,Dr. K. B. Hedgewar Vidyamandir,,,,,,,,,,,t,2024-10-23 10:54:53.936+05:30,2024-10-23 10:54:53.936+05:30,
150,3,,Dr. K.B. Hedgewar High School,,,,,,,,,,,t,2024-10-23 10:54:53.936+05:30,2024-10-23 10:54:53.936+05:30,
153,4,,DR.K.B.HEDGEWAR HIGHER SECONDARY SCHOOL,,,,,,,,,,,t,2024-10-23 10:54:53.936+05:30,2024-10-23 10:54:53.936+05:30,
154,3,,FAIRYLAND HIGH SCHOOL,,,,,,,,,,,t,2024-10-23 10:54:53.937+05:30,2024-10-23 10:54:53.937+05:30,
155,3,,FATIMA CONVENT HIGH SCHOOL,,,,,,,,,,,t,2024-10-23 10:54:53.937+05:30,2024-10-23 10:54:53.937+05:30,
157,4,,FR. AGNEL HIGHER SECONDARY SCHOOL,,,,,,,,,,,t,2024-10-23 10:54:53.937+05:30,2024-10-23 10:54:53.937+05:30,
158,3,,FR. AGNEL MULTIPURPOSE HIGH SCHOOL,,,,,,,,,,,t,2024-10-23 10:54:53.937+05:30,2024-10-23 10:54:53.937+05:30,
160,4,,FR. BASILIO ANDRADE MEMORIAL HIGHER SECONDARY SCHOOL,,,,,,,,,,,t,2024-10-23 10:54:53.937+05:30,2024-10-23 10:54:53.937+05:30,
161,3,,G. S. AMONKAR VIDYA MANDIR,,,,,,,,,,,t,2024-10-23 10:54:53.937+05:30,2024-10-23 10:54:53.937+05:30,
163,3,,GANANATH ENGLISH HIGH SCHOOL,,,,,,,,,,,t,2024-10-23 10:54:53.937+05:30,2024-10-23 10:54:53.937+05:30,
164,4,,"GAUNCAR HIGHER SECONDARY SCHOOL OF ARTS, COMMERCE & VOCATIONAL",,,,,,,,,,,t,2024-10-23 10:54:53.937+05:30,2024-10-23 10:54:53.937+05:30,
166,4,,GOA VIDYAPRASARAK MANDALS SMT. NELLY JOILDO AGUIAR HIGHER SECONDARY SCHOOL,,,,,,,,,,,t,2024-10-23 10:54:53.937+05:30,2024-10-23 10:54:53.937+05:30,
167,3,,GOMANTAK VIDYALAYA,,,,,,,,,,,t,2024-10-23 10:54:53.938+05:30,2024-10-23 10:54:53.938+05:30,
169,3,,GOVERNMENT HIGH SCHOOL,,,,,,,,,,,t,2024-10-23 10:54:53.938+05:30,2024-10-23 10:54:53.938+05:30,
171,3,,GOVERNMENT HIGH SCHOOL,,,,,,,,,,,t,2024-10-23 10:54:53.938+05:30,2024-10-23 10:54:53.938+05:30,
173,3,,GOVERNMENT HIGH SCHOOL,,,,,,,,,,,t,2024-10-23 10:54:53.938+05:30,2024-10-23 10:54:53.938+05:30,
175,3,,GOVERNMENT HIGH SCHOOL,,,,,,,,,,,t,2024-10-23 10:54:53.938+05:30,2024-10-23 10:54:53.938+05:30,
178,3,,GOVERNMENT HIGH SCHOOL,,,,,,,,,,,t,2024-10-23 10:54:53.938+05:30,2024-10-23 10:54:53.938+05:30,
179,3,,GOVERNMENT HIGH SCHOOL,,,,,,,,,,,t,2024-10-23 10:54:53.938+05:30,2024-10-23 10:54:53.938+05:30,
180,3,,GOVERNMENT HIGH SCHOOL,,,,,,,,,,,t,2024-10-23 10:54:53.938+05:30,2024-10-23 10:54:53.938+05:30,
182,3,,GOVERNMENT HIGH SCHOOL,,,,,,,,,,,t,2024-10-23 10:54:53.938+05:30,2024-10-23 10:54:53.938+05:30,
183,3,,GOVERNMENT HIGH SCHOOL,,,,,,,,,,,t,2024-10-23 10:54:53.938+05:30,2024-10-23 10:54:53.938+05:30,
185,3,,GOVERNMENT HIGH SCHOOL,,,,,,,,,,,t,2024-10-23 10:54:53.938+05:30,2024-10-23 10:54:53.938+05:30,
186,3,,GOVERNMENT HIGH SCHOOL,,,,,,,,,,,t,2024-10-23 10:54:53.938+05:30,2024-10-23 10:54:53.938+05:30,
188,3,,GOVERNMENT HIGH SCHOOL,,,,,,,,,,,t,2024-10-23 10:54:53.938+05:30,2024-10-23 10:54:53.938+05:30,
189,3,,GOVERNMENT HIGH SCHOOL,,,,,,,,,,,t,2024-10-23 10:54:53.938+05:30,2024-10-23 10:54:53.938+05:30,
191,3,,GOVERNMENT HIGH SCHOOL,,,,,,,,,,,t,2024-10-23 10:54:53.939+05:30,2024-10-23 10:54:53.939+05:30,
192,3,,GOVERNMENT HIGH SCHOOL,,,,,,,,,,,t,2024-10-23 10:54:53.939+05:30,2024-10-23 10:54:53.939+05:30,
240,4,,GOVERNMENT HIGHER SECONDARY SCHOOL,,,,,,,,,,,t,2024-10-23 10:54:53.941+05:30,2024-10-23 10:54:53.941+05:30,
265,3,,Husn Sahara English Medium High School,,,,,,,,,,,t,2024-10-23 10:54:53.942+05:30,2024-10-23 10:54:53.942+05:30,
269,3,,IDEAL ENGLISH HIGH SCHOOL,,,,,,,,,,,t,2024-10-23 10:54:53.942+05:30,2024-10-23 10:54:53.942+05:30,
291,3,,KESHAV SMRUTI BAL VIKAS MANDIR,,,,,,,,,,,t,2024-10-23 10:54:53.944+05:30,2024-10-23 10:54:53.944+05:30,
294,3,,KRISHNA RAGHUNATH SHETYE SAVOIKAR HIGH SCHOOL,,,,,,,,,,,t,2024-10-23 10:54:53.944+05:30,2024-10-23 10:54:53.944+05:30,
297,3,,L.T NARENDRA A MAYEKAR GOVERNMENT HIGH SCHOOL SADA VASCO GOA,,,,,,,,,,,t,2024-10-23 10:54:53.944+05:30,2024-10-23 10:54:53.944+05:30,
299,3,,LITTLE FLOWER OF JESUS HIGH SCHOOL,,,,,,,,,,,t,2024-10-23 10:54:53.944+05:30,2024-10-23 10:54:53.944+05:30,
301,3,,LOKSHIKSHAN HIGH SCHOOL,,,,,,,,,,,t,2024-10-23 10:54:53.944+05:30,2024-10-23 10:54:53.944+05:30,
303,4,,LOKVISHWAS PRATISHTHAN'S HIGHER SECONDARY SCHOOL,,,,,,,,,,,t,2024-10-23 10:54:53.944+05:30,2024-10-23 10:54:53.944+05:30,
312,4,,MADKAIKAR HIGHER SECONDARY SCHOOL OF ARTS & SCIENCE,,,,,,,,,,,t,2024-10-23 10:54:53.945+05:30,2024-10-23 10:54:53.945+05:30,
316,3,,MAHANANDU G RISE MEMORIAL HIGH SCHOOL,,,,,,,,,,,t,2024-10-23 10:54:53.945+05:30,2024-10-23 10:54:53.945+05:30,
319,3,,MAHILA AND NUTAN ENGLISH HIGH SCHOOL,,,,,,,,,,,t,2024-10-23 10:54:53.945+05:30,2024-10-23 10:54:53.945+05:30,
322,3,,MARIA CHILD CONVENT HIGH SCHOOL,,,,,,,,,,,t,2024-10-23 10:54:53.945+05:30,2024-10-23 10:54:53.945+05:30,
325,3,,MARY IMMACULATE GIRLS HIGH SCHOOL,,,,,,,,,,,t,2024-10-23 10:54:53.945+05:30,2024-10-23 10:54:53.945+05:30,
328,3,,MATOSHRI ANANDIBAI VAMAN MARATHE VIDYAMANDIR,,,,,,,,,,,t,2024-10-23 10:54:53.945+05:30,2024-10-23 10:54:53.945+05:30,
331,3,,MOTHER OF THE POOR HIGH SCHOOL,,,,,,,,,,,t,2024-10-23 10:54:53.946+05:30,2024-10-23 10:54:53.946+05:30,
334,3,,MUNICIPAL HIGH SCHOOL,,,,,,,,,,,t,2024-10-23 10:54:53.946+05:30,2024-10-23 10:54:53.946+05:30,
337,3,,MUSTI FUND HIGH SCHOOL,,,,,,,,,,,t,2024-10-23 10:54:53.946+05:30,2024-10-23 10:54:53.946+05:30,
340,3,,NAVDEEP VIDYALAYA.,,,,,,,,,,,t,2024-10-23 10:54:53.946+05:30,2024-10-23 10:54:53.946+05:30,
345,3,,NEW ENGLISH HIGH SCHOOL,,,,,,,,,,,t,2024-10-23 10:54:53.947+05:30,2024-10-23 10:54:53.947+05:30,
348,3,,OUR LADY MOTHER OF THE POOR HIGH SCHOOL,,,,,,,,,,,t,2024-10-23 10:54:53.947+05:30,2024-10-23 10:54:53.947+05:30,
351,3,,OUR LADY OF DESTERRO HIGH SCHOOL,,,,,,,,,,,t,2024-10-23 10:54:53.947+05:30,2024-10-23 10:54:53.947+05:30,
364,3,,OUR LADY OF PIETY HIGH SCHOOL,,,,,,,,,,,t,2024-10-23 10:54:53.947+05:30,2024-10-23 10:54:53.947+05:30,
367,3,,OUR LADY OF ROSARY HIGH SCHOOL,,,,,,,,,,,t,2024-10-23 10:54:53.948+05:30,2024-10-23 10:54:53.948+05:30,
370,3,,OUR LADY OF SUCCOUR HIGH SCHOOL,,,,,,,,,,,t,2024-10-23 10:54:53.948+05:30,2024-10-23 10:54:53.948+05:30,
373,3,,PEOPLE'S HIGH SCHOOL,,,,,,,,,,,t,2024-10-23 10:54:53.948+05:30,2024-10-23 10:54:53.948+05:30,
376,3,,PERPETUAL SUCCOUR CONVENT HIGH SCHOOL,,,,,,,,,,,t,2024-10-23 10:54:53.948+05:30,2024-10-23 10:54:53.948+05:30,
379,4,,PONDA EDUCATION SOCIETY'S SHRI. RAVI S NAIK HIGHER SECONDARY SCHOOL,,,,,,,,,,,t,2024-10-23 10:54:53.948+05:30,2024-10-23 10:54:53.948+05:30,
382,3,,POPULAR ENGLISH HIGH SCHOOL,,,,,,,,,,,t,2024-10-23 10:54:53.948+05:30,2024-10-23 10:54:53.948+05:30,
385,3,,PRADNYA HIGH SCHOOL,,,,,,,,,,,t,2024-10-23 10:54:53.948+05:30,2024-10-23 10:54:53.948+05:30,
388,3,,PRESENTATION CONVENT HIGH SCHOOL,,,,,,,,,,,t,2024-10-23 10:54:53.948+05:30,2024-10-23 10:54:53.948+05:30,
391,3,,QUEEN MARTYR HIGH SCHOOL,,,,,,,,,,,t,2024-10-23 10:54:53.948+05:30,2024-10-23 10:54:53.948+05:30,
396,3,,RAMANATA CRISNA PAI RAIKAR SCHOOL OF AGRICULTURE,,,,,,,,,,,t,2024-10-23 10:54:53.948+05:30,2024-10-23 10:54:53.948+05:30,
401,4,,ROSARY HIGHER SECONDARY SCHOOL,,,,,,,,,,,t,2024-10-23 10:54:53.948+05:30,2024-10-23 10:54:53.948+05:30,
404,4,,"S.E.S.''s PURUSHOTTOM WALAWALKAR HIGHER SECONDARY SCHOOL OF ARTS, SCIENCE, COMMERCE AND VOCATIONAL ST",,,,,,,,,,,t,2024-10-23 10:54:53.949+05:30,2024-10-23 10:54:53.949+05:30,
407,3,,SACORDEM EDUCATION SOCIETY'S SCHOOL,,,,,,,,,,,t,2024-10-23 10:54:53.949+05:30,2024-10-23 10:54:53.949+05:30,
410,3,,"SACRED HEART OF JESUS HIGH SCHOOL, ANJUNA",,,,,,,,,,,t,2024-10-23 10:54:53.949+05:30,2024-10-23 10:54:53.949+05:30,
425,3,,SCHOOL OF OF SYMBIOSIS,,,,,,,,,,,t,2024-10-23 10:54:53.95+05:30,2024-10-23 10:54:53.95+05:30,
430,3,,SHARDA ENGLISH HIGH SCHOOL,,,,,,,,,,,t,2024-10-23 10:54:53.95+05:30,2024-10-23 10:54:53.95+05:30,
435,4,,SHREE AMEYA VIDYA PRASARAK MANDAL'S HIGHER SECONDARY SCHOOL,,,,,,,,,,,t,2024-10-23 10:54:53.95+05:30,2024-10-23 10:54:53.95+05:30,
458,3,,SHRI BRAMHADURGA HIGH SCHOOL,,,,,,,,,,,t,2024-10-23 10:54:53.951+05:30,2024-10-23 10:54:53.951+05:30,
463,3,,SHRI HANUMAN VIDYALAYA,,,,,,,,,,,t,2024-10-23 10:54:53.952+05:30,2024-10-23 10:54:53.952+05:30,
465,3,,SHRI KAMALESHWAR HIGH SCHOOL,,,,,,,,,,,t,2024-10-23 10:54:53.952+05:30,2024-10-23 10:54:53.952+05:30,
467,4,,SHRI KAMALESHWAR HIGHER SECONDARY SCHOOL,,,,,,,,,,,t,2024-10-23 10:54:53.952+05:30,2024-10-23 10:54:53.952+05:30,
469,3,,SHRI MAHAMAYA HIGH SCHOOL,,,,,,,,,,,t,2024-10-23 10:54:53.952+05:30,2024-10-23 10:54:53.952+05:30,
471,4,,SHRI NAVADURGA HIGHER SECONDARY SCHOOL OF ARTS AND COMMERCE,,,,,,,,,,,t,2024-10-23 10:54:53.953+05:30,2024-10-23 10:54:53.953+05:30,
473,3,,SHRI NIRAKAR VIDYALAYA,,,,,,,,,,,t,2024-10-23 10:54:53.953+05:30,2024-10-23 10:54:53.953+05:30,
475,3,,SHRI SARASWATI HIGH SCHOOL,,,,,,,,,,,t,2024-10-23 10:54:53.953+05:30,2024-10-23 10:54:53.953+05:30,
477,3,,SHRI SHANTA VIDYALAYA ENGLISH MEDIUM HIGH SCHOOL,,,,,,,,,,,t,2024-10-23 10:54:53.953+05:30,2024-10-23 10:54:53.953+05:30,
479,4,,SHRI SHANTADURGA HIGHER SECONDARY SCHOOL,,,,,,,,,,,t,2024-10-23 10:54:53.953+05:30,2024-10-23 10:54:53.953+05:30,
484,3,,SHRIMATI HIGH SCHOOL,,,,,,,,,,,t,2024-10-23 10:54:53.953+05:30,2024-10-23 10:54:53.953+05:30,
489,3,,smt. HIRABAI TALAULIKAR HIGH SCHOOL SACORDA,,,,,,,,,,,t,2024-10-23 10:54:53.953+05:30,2024-10-23 10:54:53.953+05:30,
494,3,,SNES TUDAL HIGH SCHOOL,,,,,,,,,,,t,2024-10-23 10:54:53.953+05:30,2024-10-23 10:54:53.953+05:30,
499,3,,ST. ALOYSIUS HIGH SCHOOL,,,,,,,,,,,t,2024-10-23 10:54:53.954+05:30,2024-10-23 10:54:53.954+05:30,
503,3,,ST. ANDREW'S INSTITUTE,,,,,,,,,,,t,2024-10-23 10:54:53.954+05:30,2024-10-23 10:54:53.954+05:30,
507,3,,ST. ANNE'S INSTITUTE,,,,,,,,,,,t,2024-10-23 10:54:53.954+05:30,2024-10-23 10:54:53.954+05:30,
512,3,,ST. ANTHONY'S HIGH SCHOOL,,,,,,,,,,,t,2024-10-23 10:54:53.954+05:30,2024-10-23 10:54:53.954+05:30,
517,3,,ST. CLARA'S HIGH SCHOOL,,,,,,,,,,,t,2024-10-23 10:54:53.954+05:30,2024-10-23 10:54:53.954+05:30,
521,3,,ST. FRANCIS XAVIER'S HIGH SCHOOL,,,,,,,,,,,t,2024-10-23 10:54:53.954+05:30,2024-10-23 10:54:53.954+05:30,
525,3,,ST. JOSEPH HIGH SCHOOL,,,,,,,,,,,t,2024-10-23 10:54:53.954+05:30,2024-10-23 10:54:53.954+05:30,
529,3,,ST. JOSEPH'S HIGH SCHOOL,,,,,,,,,,,t,2024-10-23 10:54:53.955+05:30,2024-10-23 10:54:53.955+05:30,
533,3,,ST. JUDE'S HIGH SCHOOL,,,,,,,,,,,t,2024-10-23 10:54:53.955+05:30,2024-10-23 10:54:53.955+05:30,
544,3,,ST. ROCK'S HIGH SCHOOL,,,,,,,,,,,t,2024-10-23 10:54:53.956+05:30,2024-10-23 10:54:53.956+05:30,
548,4,,ST. THERESA OF JESUS HIGHER SECONDARY SCHOOL,,,,,,,,,,,t,2024-10-23 10:54:53.956+05:30,2024-10-23 10:54:53.956+05:30,
554,3,,ST. XAVIER ACADEMY,,,,,,,,,,,t,2024-10-23 10:54:53.957+05:30,2024-10-23 10:54:53.957+05:30,
563,3,,ST.MARY OF ANGELS CONVENT SCHOOL,,,,,,,,,,,t,2024-10-23 10:54:53.957+05:30,2024-10-23 10:54:53.957+05:30,
569,3,,THE NEW EDUCATIONAL INSTITUTE,,,,,,,,,,,t,2024-10-23 10:54:53.957+05:30,2024-10-23 10:54:53.957+05:30,
573,3,,TRIUMPH HIGH SCHOOL (Dattaram K. Chopdekar Memorial High School),,,,,,,,,,,t,2024-10-23 10:54:53.958+05:30,2024-10-23 10:54:53.958+05:30,
577,3,,UTKARSH HIGH SCHOOL,,,,,,,,,,,t,2024-10-23 10:54:53.958+05:30,2024-10-23 10:54:53.958+05:30,
581,4,,"VADEM NAGAR HIGHER SECONDARY SCHOOL, NEW VADDEM, VASCO - GOA",,,,,,,,,,,t,2024-10-23 10:54:53.958+05:30,2024-10-23 10:54:53.958+05:30,
585,4,,VIDYA MANDIR HIGHER SECONDARY SCHOOL,,,,,,,,,,,t,2024-10-23 10:54:53.958+05:30,2024-10-23 10:54:53.958+05:30,
589,3,,VIDYANIKETAN HIGH SCHOOL,,,,,,,,,,,t,2024-10-23 10:54:53.958+05:30,2024-10-23 10:54:53.958+05:30,
593,3,,VISCOUNT OF PERNEM HIGH SCHOOL,,,,,,,,,,,t,2024-10-23 10:54:53.958+05:30,2024-10-23 10:54:53.958+05:30,
597,3,,VIVEKANAND VIDYALAYA,,,,,,,,,,,t,2024-10-23 10:54:53.959+05:30,2024-10-23 10:54:53.959+05:30,
241,4,,GOVERNMENT HIGHER SECONDARY SCHOOL,,,,,,,,,,,t,2024-10-23 10:54:53.941+05:30,2024-10-23 10:54:53.941+05:30,
244,4,,GOVERNMENT MULTIPURPOSE HIGHER SECONDARY SCHOOL,,,,,,,,,,,t,2024-10-23 10:54:53.941+05:30,2024-10-23 10:54:53.941+05:30,
247,4,,GUARDIAN ANGEL HIGHER SECONDARY SCHOOL,,,,,,,,,,,t,2024-10-23 10:54:53.942+05:30,2024-10-23 10:54:53.942+05:30,
250,3,,HARMAL PANCHAKROSHI HIGH SCHOOL,,,,,,,,,,,t,2024-10-23 10:54:53.942+05:30,2024-10-23 10:54:53.942+05:30,
253,3,,HELP HIGH SCHOOL,,,,,,,,,,,t,2024-10-23 10:54:53.942+05:30,2024-10-23 10:54:53.942+05:30,
256,3,,HOLY CROSS INSTITUTE,,,,,,,,,,,t,2024-10-23 10:54:53.942+05:30,2024-10-23 10:54:53.942+05:30,
259,3,,HOLY ROSARY CONVENT HIGH SCHOOL,,,,,,,,,,,t,2024-10-23 10:54:53.942+05:30,2024-10-23 10:54:53.942+05:30,
266,3,,"Husn Sahara Higher Secondary School of Arts, Science and Commerce",,,,,,,,,,,t,2024-10-23 10:54:53.942+05:30,2024-10-23 10:54:53.942+05:30,
270,3,,IDEAL HIGH SCHOOL PILIGAO,,,,,,,,,,,t,2024-10-23 10:54:53.942+05:30,2024-10-23 10:54:53.942+05:30,
273,3,,IMMACULATE HEART OF MARY HIGH SCHOOL,,,,,,,,,,,t,2024-10-23 10:54:53.943+05:30,2024-10-23 10:54:53.943+05:30,
276,3,,INFANT JESUS HIGH SCHOOL,,,,,,,,,,,t,2024-10-23 10:54:53.943+05:30,2024-10-23 10:54:53.943+05:30,
279,3,,Iqra English School,,,,,,,,,,,t,2024-10-23 10:54:53.943+05:30,2024-10-23 10:54:53.943+05:30,
282,3,,JADEED URDU HIGH SCHOOL,,,,,,,,,,,t,2024-10-23 10:54:53.944+05:30,2024-10-23 10:54:53.944+05:30,
284,3,,JANATA HIGH SCHOOL,,,,,,,,,,,t,2024-10-23 10:54:53.944+05:30,2024-10-23 10:54:53.944+05:30,
286,3,,JESUS ​​& MARY SARVAJANIK HIGH SCHOOL,,,,,,,,,,,t,2024-10-23 10:54:53.944+05:30,2024-10-23 10:54:53.944+05:30,
288,3,,KALYAN ASHRAM GOA'S PANCHASHEEL ENGLISH HIGH SCHOOL,,,,,,,,,,,t,2024-10-23 10:54:53.944+05:30,2024-10-23 10:54:53.944+05:30,
289,3,,KASTURBA MATOSHRI HIGH SCHOOL,,,,,,,,,,,t,2024-10-23 10:54:53.944+05:30,2024-10-23 10:54:53.944+05:30,
309,3,,M.E.F'S FATIMA HIGH SCHOOL,,,,,,,,,,,t,2024-10-23 10:54:53.945+05:30,2024-10-23 10:54:53.945+05:30,
314,3,,MAE DEUS HIGH SCHOOL,,,,,,,,,,,t,2024-10-23 10:54:53.945+05:30,2024-10-23 10:54:53.945+05:30,
318,3,,MAHATMA JYOTIRAO PHULE HIGH SCHOOL,,,,,,,,,,,t,2024-10-23 10:54:53.945+05:30,2024-10-23 10:54:53.945+05:30,
321,3,,MANGUIRISH VIDYALAYA ENGLISH HIGH SCHOOL,,,,,,,,,,,t,2024-10-23 10:54:53.945+05:30,2024-10-23 10:54:53.945+05:30,
324,3,,MARINA ENGLISH HIGH SCHOOL,,,,,,,,,,,t,2024-10-23 10:54:53.945+05:30,2024-10-23 10:54:53.945+05:30,
327,3,,MATOSHREE INDIRABAI BABURAO KHANDEPARKAR HIGH SCHOOL,,,,,,,,,,,t,2024-10-23 10:54:53.945+05:30,2024-10-23 10:54:53.945+05:30,
330,3,,MOTHER OF MERCY ENGLISH HIGH SCHOOL,,,,,,,,,,,t,2024-10-23 10:54:53.945+05:30,2024-10-23 10:54:53.945+05:30,
333,4,,MOUNT MARY'S HIGHER SECONDARY SCHOOL,,,,,,,,,,,t,2024-10-23 10:54:53.946+05:30,2024-10-23 10:54:53.946+05:30,
336,4,,MUSHTI FUND HIGHER SECONDARY SCHOOL,,,,,,,,,,,t,2024-10-23 10:54:53.946+05:30,2024-10-23 10:54:53.946+05:30,
339,3,,NATIONAL HIGH SCHOOL,,,,,,,,,,,t,2024-10-23 10:54:53.946+05:30,2024-10-23 10:54:53.946+05:30,
344,3,,NEW ENGLISH HIGH SCHOOL,,,,,,,,,,,t,2024-10-23 10:54:53.947+05:30,2024-10-23 10:54:53.947+05:30,
363,4,,OUR LADY OF PERPETUAL SUCCOUR HIGHER SECONDARY SCHOOL,,,,,,,,,,,t,2024-10-23 10:54:53.947+05:30,2024-10-23 10:54:53.947+05:30,
394,3,,RAJMATA PADMAVATI RAJ SOUNDHEKAR HIGH SCHOOL,,,,,,,,,,,t,2024-10-23 10:54:53.948+05:30,2024-10-23 10:54:53.948+05:30,
399,3,,REGINA MUNDI HIGH SCHOOL,,,,,,,,,,,t,2024-10-23 10:54:53.948+05:30,2024-10-23 10:54:53.948+05:30,
403,4,,S.E.S. HIGHER SECONDARY SCHOOL,,,,,,,,,,,t,2024-10-23 10:54:53.949+05:30,2024-10-23 10:54:53.949+05:30,
406,3,,S.S. SAMITI'S S.M.T. INDIRABAI V.BHAT DHAVALIKAR HIGH SCHOOL,,,,,,,,,,,t,2024-10-23 10:54:53.949+05:30,2024-10-23 10:54:53.949+05:30,
409,3,,SACRED HEART OF JESUS HIGH SCHOOL,,,,,,,,,,,t,2024-10-23 10:54:53.949+05:30,2024-10-23 10:54:53.949+05:30,
423,4,,SATYAWATI SOIRU ANGLE HIGHER SECONDARY SCHOOL,,,,,,,,,,,t,2024-10-23 10:54:53.95+05:30,2024-10-23 10:54:53.95+05:30,
428,3,,SHARADA ENGLISH HIGH SCHOOL,,,,,,,,,,,t,2024-10-23 10:54:53.95+05:30,2024-10-23 10:54:53.95+05:30,
433,3,,SHIVAJI RAJE HIGH SCHOOL,,,,,,,,,,,t,2024-10-23 10:54:53.95+05:30,2024-10-23 10:54:53.95+05:30,
438,4,,SHREE CHANDRESHWAR BHOOTNATH HIGHER SECONDARY SCHOOL OF ARTS & COMMERCE,,,,,,,,,,,t,2024-10-23 10:54:53.95+05:30,2024-10-23 10:54:53.95+05:30,
441,4,,SHREE GANESH HIGHER SECONDARY SCHOOL,,,,,,,,,,,t,2024-10-23 10:54:53.951+05:30,2024-10-23 10:54:53.951+05:30,
444,3,,SHREE MAHALAXMI ENGLISH HIGH SCHOOL,,,,,,,,,,,t,2024-10-23 10:54:53.951+05:30,2024-10-23 10:54:53.951+05:30,
447,3,,SHREE RAM HIGH SCHOOL,,,,,,,,,,,t,2024-10-23 10:54:53.951+05:30,2024-10-23 10:54:53.951+05:30,
450,4,,SHREE SHANTADURGA HIGHER SECONDARY SCHOOL,,,,,,,,,,,t,2024-10-23 10:54:53.951+05:30,2024-10-23 10:54:53.951+05:30,
453,3,,"SHREE SHARADA VIDYALAYA, GOVERNMENT HIGH SCHOOL",,,,,,,,,,,t,2024-10-23 10:54:53.951+05:30,2024-10-23 10:54:53.951+05:30,
456,3,,SHRI BHUMIKA HIGH SCHOOL,,,,,,,,,,,t,2024-10-23 10:54:53.951+05:30,2024-10-23 10:54:53.951+05:30,
461,3,,SHRI DAYANAND ARYA HIGH SCHOOL,,,,,,,,,,,t,2024-10-23 10:54:53.951+05:30,2024-10-23 10:54:53.951+05:30,
482,4,,"SHRI VIJAYANAND DNYANPRASARK SAUSTHA''S HIGHER SECONDARY SCHOOL OF ARTS, COMMERCE & SCIENCE",,,,,,,,,,,t,2024-10-23 10:54:53.953+05:30,2024-10-23 10:54:53.953+05:30,
487,4,,"SMT. CHANDRABHAGA TUKOBA NAIK HIGHER SECONDARY SCHOOL, CURCHOREM.",,,,,,,,,,,t,2024-10-23 10:54:53.953+05:30,2024-10-23 10:54:53.953+05:30,
492,3,,SMT. SUNANDABAI BANDODKAR HIGH SCHOOL,,,,,,,,,,,t,2024-10-23 10:54:53.953+05:30,2024-10-23 10:54:53.953+05:30,
497,3,,SSM'S SWASTIK VIDYALAYA,,,,,,,,,,,t,2024-10-23 10:54:53.953+05:30,2024-10-23 10:54:53.953+05:30,
501,3,,ST. ANDREW'S HIGH SCHOOL,,,,,,,,,,,t,2024-10-23 10:54:53.954+05:30,2024-10-23 10:54:53.954+05:30,
505,3,,St. Ann's High School,,,,,,,,,,,t,2024-10-23 10:54:53.954+05:30,2024-10-23 10:54:53.954+05:30,
508,3,,ST. ANTHONY'S HIGH SCHOOL,,,,,,,,,,,t,2024-10-23 10:54:53.954+05:30,2024-10-23 10:54:53.954+05:30,
513,3,,"ST. ANTHONY''S HIGH SCHOOL,",,,,,,,,,,,t,2024-10-23 10:54:53.954+05:30,2024-10-23 10:54:53.954+05:30,
518,3,,ST. DOMINIC SAVIO HIGH SCHOOL,,,,,,,,,,,t,2024-10-23 10:54:53.954+05:30,2024-10-23 10:54:53.954+05:30,
522,3,,ST. FRANCIS XAVIER'S HIGH SCHOOL,,,,,,,,,,,t,2024-10-23 10:54:53.954+05:30,2024-10-23 10:54:53.954+05:30,
526,3,,ST. JOSEPH HIGH SCHOOL,,,,,,,,,,,t,2024-10-23 10:54:53.954+05:30,2024-10-23 10:54:53.954+05:30,
530,3,,ST. JOSEPH'S HIGH SCHOOL,,,,,,,,,,,t,2024-10-23 10:54:53.955+05:30,2024-10-23 10:54:53.955+05:30,
534,3,,ST. LAWRENCE HIGH SCHOOL,,,,,,,,,,,t,2024-10-23 10:54:53.955+05:30,2024-10-23 10:54:53.955+05:30,
545,3,,ST. SEBASTIAN'S HIGH SCHOOL,,,,,,,,,,,t,2024-10-23 10:54:53.956+05:30,2024-10-23 10:54:53.956+05:30,
549,3,,ST. THERESA'S HIGH SCHOOL,,,,,,,,,,,t,2024-10-23 10:54:53.956+05:30,2024-10-23 10:54:53.956+05:30,
555,3,,ST. XAVIER'S ACADEMY,,,,,,,,,,,t,2024-10-23 10:54:53.957+05:30,2024-10-23 10:54:53.957+05:30,
564,4,,ST.THERESA'S HIGHER SECONDARY SCHOOL,,,,,,,,,,,t,2024-10-23 10:54:53.957+05:30,2024-10-23 10:54:53.957+05:30,
565,4,,ST.THOMAS HIGHER SECONDARY SCHOOL,,,,,,,,,,,t,2024-10-23 10:54:53.957+05:30,2024-10-23 10:54:53.957+05:30,
242,4,,GOVERNMENT HIGHER SECONDARY SCHOOL SANGUEM,,,,,,,,,,,t,2024-10-23 10:54:53.941+05:30,2024-10-23 10:54:53.941+05:30,
245,3,,GOVIND GUNAJI SAWANT HIGH SCHOOL,,,,,,,,,,,t,2024-10-23 10:54:53.941+05:30,2024-10-23 10:54:53.941+05:30,
248,3,,GURUDAS P. GAUNS MEMORIAL HIGH SCHOOL,,,,,,,,,,,t,2024-10-23 10:54:53.942+05:30,2024-10-23 10:54:53.942+05:30,
251,4,,HARMAL PANCHAKROSHI HIGHER SECONDARY SCHOOL & INSTITUTE OF VOCATIONAL STUDIES,,,,,,,,,,,t,2024-10-23 10:54:53.942+05:30,2024-10-23 10:54:53.942+05:30,
254,3,,HOLY CROSS HIGH SCHOOL,,,,,,,,,,,t,2024-10-23 10:54:53.942+05:30,2024-10-23 10:54:53.942+05:30,
257,3,,"HOLY CROSS INSTITUTE, KEPEM GOA",,,,,,,,,,,t,2024-10-23 10:54:53.942+05:30,2024-10-23 10:54:53.942+05:30,
260,3,,HOLY SPIRIT INSTITUTE,,,,,,,,,,,t,2024-10-23 10:54:53.942+05:30,2024-10-23 10:54:53.942+05:30,
262,3,,HONDA HIGH SCHOOL,,,,,,,,,,,t,2024-10-23 10:54:53.942+05:30,2024-10-23 10:54:53.942+05:30,
263,4,,HONDA HIGHER SECONDARY SCHOOL,,,,,,,,,,,t,2024-10-23 10:54:53.942+05:30,2024-10-23 10:54:53.942+05:30,
268,3,,HUTATMA BAPU GAWAS MEMORIAL GOVTERNMENT HIGH SCHOOL,,,,,,,,,,,t,2024-10-23 10:54:53.942+05:30,2024-10-23 10:54:53.942+05:30,
272,3,,IMMACULATE CONCEPTION HIGH SCHOOL COLSOI DABAL GOA,,,,,,,,,,,t,2024-10-23 10:54:53.943+05:30,2024-10-23 10:54:53.943+05:30,
275,3,,INFANT JESUS HIGH SCHOOL,,,,,,,,,,,t,2024-10-23 10:54:53.943+05:30,2024-10-23 10:54:53.943+05:30,
278,3,,International Sadguru Gurukulam,,,,,,,,,,,t,2024-10-23 10:54:53.943+05:30,2024-10-23 10:54:53.943+05:30,
281,3,,JADEED ENGLISH HIGH SCHOOL,,,,,,,,,,,t,2024-10-23 10:54:53.943+05:30,2024-10-23 10:54:53.943+05:30,
283,3,,JAMIYA-E-MAQBULIYA HIGH SCHOOL,,,,,,,,,,,t,2024-10-23 10:54:53.944+05:30,2024-10-23 10:54:53.944+05:30,
285,4,,JAWAHARLAL NEHRU HIGHER SECONDARY SCHOOL,,,,,,,,,,,t,2024-10-23 10:54:53.944+05:30,2024-10-23 10:54:53.944+05:30,
287,3,,JNYAN VIKAS SCHOOL,,,,,,,,,,,t,2024-10-23 10:54:53.944+05:30,2024-10-23 10:54:53.944+05:30,
293,4,,KESHAV SMRUTI HIGHER SECONDARY SCHOOL,,,,,,,,,,,t,2024-10-23 10:54:53.944+05:30,2024-10-23 10:54:53.944+05:30,
296,3,,L.H.B.D. GOVERNMENT HIGH SCHOOL,,,,,,,,,,,t,2024-10-23 10:54:53.944+05:30,2024-10-23 10:54:53.944+05:30,
298,3,,LATE SHRI VINAYAK GOPAL SHENVI VIDYALAYA,,,,,,,,,,,t,2024-10-23 10:54:53.944+05:30,2024-10-23 10:54:53.944+05:30,
300,3,,LOKMANYA TILAK VIDYALAYA,,,,,,,,,,,t,2024-10-23 10:54:53.944+05:30,2024-10-23 10:54:53.944+05:30,
302,3,,LOKVISHWAS PRATISHTHAN'S HIGH SCHOOL,,,,,,,,,,,t,2024-10-23 10:54:53.944+05:30,2024-10-23 10:54:53.944+05:30,
304,3,,LOKVISHWAS PRATISHTHAN'S I.J VIRANI AND N.I VIRANI SCHOOL AND HOME FOR VISUALLY IMPAIRED CHILDREN,,,,,,,,,,,t,2024-10-23 10:54:53.944+05:30,2024-10-23 10:54:53.944+05:30,
305,3,,LOKVISHWAS PRATISHTHAN'S VIRANI ISANI HIGH SCHOOL FOR HEARING IMPAIRED CHILDREN,,,,,,,,,,,t,2024-10-23 10:54:53.944+05:30,2024-10-23 10:54:53.944+05:30,
306,3,,LOURDES CONVENT HIGH SCHOOL,,,,,,,,,,,t,2024-10-23 10:54:53.945+05:30,2024-10-23 10:54:53.945+05:30,
307,3,,LOYOLA HIGH SCHOOL,,,,,,,,,,,t,2024-10-23 10:54:53.945+05:30,2024-10-23 10:54:53.945+05:30,
308,4,,LOYOLA HIGHER SECONDARY SCHOOL OF SCIENCE AND ARTS,,,,,,,,,,,t,2024-10-23 10:54:53.945+05:30,2024-10-23 10:54:53.945+05:30,
313,3,,MADKAIKAR NAVCHAITANYA HIGH SCHOOL,,,,,,,,,,,t,2024-10-23 10:54:53.945+05:30,2024-10-23 10:54:53.945+05:30,
317,3,,MAHATMA GANDHI CENTENARY SCHOOL,,,,,,,,,,,t,2024-10-23 10:54:53.945+05:30,2024-10-23 10:54:53.945+05:30,
320,3,,MANDRE HIGH SCHOOL,,,,,,,,,,,t,2024-10-23 10:54:53.945+05:30,2024-10-23 10:54:53.945+05:30,
323,4,,MARIA CHILD HIGHER SECONDARY SCHOOL,,,,,,,,,,,t,2024-10-23 10:54:53.945+05:30,2024-10-23 10:54:53.945+05:30,
326,3,,MATA SECONDARY SCHOOL,,,,,,,,,,,t,2024-10-23 10:54:53.945+05:30,2024-10-23 10:54:53.945+05:30,
329,3,,MIRACLES HIGH SCHOOL,,,,,,,,,,,t,2024-10-23 10:54:53.945+05:30,2024-10-23 10:54:53.945+05:30,
332,3,,MOUNT MARY'S HIGH SCHOOL,,,,,,,,,,,t,2024-10-23 10:54:53.946+05:30,2024-10-23 10:54:53.946+05:30,
335,3,,MURGAON HIGH SCHOOL,,,,,,,,,,,t,2024-10-23 10:54:53.946+05:30,2024-10-23 10:54:53.946+05:30,
338,4,,MUSTIFUND ARYAAN HIGHER SECONDARY SCHOOL,,,,,,,,,,,t,2024-10-23 10:54:53.946+05:30,2024-10-23 10:54:53.946+05:30,
343,3,,NEW ENGLISH HIGH SCHOOL,,,,,,,,,,,t,2024-10-23 10:54:53.947+05:30,2024-10-23 10:54:53.947+05:30,
347,3,,OLD GOA EDUCATIONAL INSTITUTE,,,,,,,,,,,t,2024-10-23 10:54:53.947+05:30,2024-10-23 10:54:53.947+05:30,
350,3,,OUR LADY OF CARMEL HIGH SCHOOL,,,,,,,,,,,t,2024-10-23 10:54:53.947+05:30,2024-10-23 10:54:53.947+05:30,
353,3,,OUR LADY OF FATIMA HIGH SCHOOL,,,,,,,,,,,t,2024-10-23 10:54:53.947+05:30,2024-10-23 10:54:53.947+05:30,
355,3,,OUR LADY OF HEALTH HIGH SCHOOL,,,,,,,,,,,t,2024-10-23 10:54:53.947+05:30,2024-10-23 10:54:53.947+05:30,
357,3,,OUR LADY OF LOURDES HIGH SCHOOL,,,,,,,,,,,t,2024-10-23 10:54:53.947+05:30,2024-10-23 10:54:53.947+05:30,
359,3,,OUR LADY OF MERCES HIGH SCHOOL,,,,,,,,,,,t,2024-10-23 10:54:53.947+05:30,2024-10-23 10:54:53.947+05:30,
365,3,,OUR LADY OF REMEDIES HIGH SCHOOL,,,,,,,,,,,t,2024-10-23 10:54:53.947+05:30,2024-10-23 10:54:53.947+05:30,
368,3,,OUR LADY OF ROSARY HIGH SCHOOL,,,,,,,,,,,t,2024-10-23 10:54:53.948+05:30,2024-10-23 10:54:53.948+05:30,
371,4,,OUR LADY OF THE ROSARY HIGHER SECONDARY SCHOOL,,,,,,,,,,,t,2024-10-23 10:54:53.948+05:30,2024-10-23 10:54:53.948+05:30,
374,3,,"PEOPLE''S HIGH SCHOOL,",,,,,,,,,,,t,2024-10-23 10:54:53.948+05:30,2024-10-23 10:54:53.948+05:30,
377,3,,PETER ALVARES MEMORIAL HIGH SCHOOL,,,,,,,,,,,t,2024-10-23 10:54:53.948+05:30,2024-10-23 10:54:53.948+05:30,
380,3,,"POPE JOHN XXIII HIGH SCHOOL,",,,,,,,,,,,t,2024-10-23 10:54:53.948+05:30,2024-10-23 10:54:53.948+05:30,
383,3,,POPULAR HIGH SCHOOL,,,,,,,,,,,t,2024-10-23 10:54:53.948+05:30,2024-10-23 10:54:53.948+05:30,
386,3,,PRAGATI HIGH SCHOOL,,,,,,,,,,,t,2024-10-23 10:54:53.948+05:30,2024-10-23 10:54:53.948+05:30,
389,4,,PRESENTATION CONVENT HIGHER SECONDARY SCHOOL,,,,,,,,,,,t,2024-10-23 10:54:53.948+05:30,2024-10-23 10:54:53.948+05:30,
392,3,,RADHAKRISHNA VIDYALAYA,,,,,,,,,,,t,2024-10-23 10:54:53.948+05:30,2024-10-23 10:54:53.948+05:30,
397,3,,RAUJI RANE MEMORIAL HIGH SCHOOL,,,,,,,,,,,t,2024-10-23 10:54:53.948+05:30,2024-10-23 10:54:53.948+05:30,
402,3,,ROYALE SECONDARY SCHOOL,,,,,,,,,,,t,2024-10-23 10:54:53.949+05:30,2024-10-23 10:54:53.949+05:30,
405,4,,S.S. SAMITI'S S.A.M.D. HIGHER SECONDARY SCHOOL OF SCIENCE,,,,,,,,,,,t,2024-10-23 10:54:53.949+05:30,2024-10-23 10:54:53.949+05:30,
408,3,,SACRED HEART HIGH SCHOOL,,,,,,,,,,,t,2024-10-23 10:54:53.949+05:30,2024-10-23 10:54:53.949+05:30,
413,4,,SANJAY HIGHER SECONDARY SCHOOL FOR SLOW LEARNER & HEARING IMPAIRMENT,,,,,,,,,,,t,2024-10-23 10:54:53.949+05:30,2024-10-23 10:54:53.949+05:30,
414,4,,SANJEEVAN HIGHER SECONDARY SCHOOL,,,,,,,,,,,t,2024-10-23 10:54:53.95+05:30,2024-10-23 10:54:53.95+05:30,
415,3,,SANT XAVIER VIDYALYA,,,,,,,,,,,t,2024-10-23 10:54:53.95+05:30,2024-10-23 10:54:53.95+05:30,
416,3,,"SANTA CRUZ HIGH SCHOOL,",,,,,,,,,,,t,2024-10-23 10:54:53.95+05:30,2024-10-23 10:54:53.95+05:30,
417,4,,SANTA CRUZ HIGHER SECONDARY SCHOOL,,,,,,,,,,,t,2024-10-23 10:54:53.95+05:30,2024-10-23 10:54:53.95+05:30,
418,4,,SAPTESHWAR INSTITUTE FOR HIGHER SECONDARY EDUCATION,,,,,,,,,,,t,2024-10-23 10:54:53.95+05:30,2024-10-23 10:54:53.95+05:30,
419,3,,SARASWAT VIDYALAYA,,,,,,,,,,,t,2024-10-23 10:54:53.95+05:30,2024-10-23 10:54:53.95+05:30,
420,3,,SARVODAYA EDUCATION SOCIETY HIGH SCHOOL,,,,,,,,,,,t,2024-10-23 10:54:53.95+05:30,2024-10-23 10:54:53.95+05:30,
421,3,,SARVODAYA EDUCATIONAL SOCIETY'S HIGH SCHOOL,,,,,,,,,,,t,2024-10-23 10:54:53.95+05:30,2024-10-23 10:54:53.95+05:30,
422,3,,SATERI VIDYA MANDIR,,,,,,,,,,,t,2024-10-23 10:54:53.95+05:30,2024-10-23 10:54:53.95+05:30,
427,3,,SHANTADURGA HIGH SCHOOL,,,,,,,,,,,t,2024-10-23 10:54:53.95+05:30,2024-10-23 10:54:53.95+05:30,
432,3,,SHISHU VIKAS HIGH SCHOOL,,,,,,,,,,,t,2024-10-23 10:54:53.95+05:30,2024-10-23 10:54:53.95+05:30,
437,3,,SHREE BHAGWATI HIGH SCHOOL,,,,,,,,,,,t,2024-10-23 10:54:53.95+05:30,2024-10-23 10:54:53.95+05:30,
440,3,,SHREE DURGA ENGLISH SCHOOL,,,,,,,,,,,t,2024-10-23 10:54:53.95+05:30,2024-10-23 10:54:53.95+05:30,
443,3,,Shree Mahalasa Narayani High School,,,,,,,,,,,t,2024-10-23 10:54:53.951+05:30,2024-10-23 10:54:53.951+05:30,
446,3,,SHREE NAVADURGA VIDYALAYA,,,,,,,,,,,t,2024-10-23 10:54:53.951+05:30,2024-10-23 10:54:53.951+05:30,
449,4,,SHREE SHANTADURGA HIGHER SECONDARY SCHOOL,,,,,,,,,,,t,2024-10-23 10:54:53.951+05:30,2024-10-23 10:54:53.951+05:30,
452,3,,SHREE SHARADA ENGLISH HIGH SCHOOL,,,,,,,,,,,t,2024-10-23 10:54:53.951+05:30,2024-10-23 10:54:53.951+05:30,
455,4,,SHRI ATAL BIHARI VAJPAI HIGHER SECONDARY SCHOOL,,,,,,,,,,,t,2024-10-23 10:54:53.951+05:30,2024-10-23 10:54:53.951+05:30,
460,3,,SHRI DAMODAR VIDYALAYA ENGLISH HIGH SCHOOL,,,,,,,,,,,t,2024-10-23 10:54:53.951+05:30,2024-10-23 10:54:53.951+05:30,
481,3,,SHRI VASANT VIDYALAYA HIGH SCHOOL,,,,,,,,,,,t,2024-10-23 10:54:53.953+05:30,2024-10-23 10:54:53.953+05:30,
486,3,,SMT. ANANDIBAI M. NAIK HIGH SCHOOL,,,,,,,,,,,t,2024-10-23 10:54:53.953+05:30,2024-10-23 10:54:53.953+05:30,
491,3,,SMT. SUNANDABAI BANDODKAR HIGH SCHOOL,,,,,,,,,,,t,2024-10-23 10:54:53.953+05:30,2024-10-23 10:54:53.953+05:30,
496,3,,Spring Valley Higher Secondary School,,,,,,,,,,,t,2024-10-23 10:54:53.953+05:30,2024-10-23 10:54:53.953+05:30,
509,3,,ST. ANTHONY'S HIGH SCHOOL,,,,,,,,,,,t,2024-10-23 10:54:53.954+05:30,2024-10-23 10:54:53.954+05:30,
243,3,,GOVERNMENT MULTIPURPOSE HIGH SCHOOL,,,,,,,,,,,t,2024-10-23 10:54:53.941+05:30,2024-10-23 10:54:53.941+05:30,
246,3,,GUARDIAN ANGEL HIGH SCHOOL,,,,,,,,,,,t,2024-10-23 10:54:53.942+05:30,2024-10-23 10:54:53.942+05:30,
249,3,,Gurukul Academy,,,,,,,,,,,t,2024-10-23 10:54:53.942+05:30,2024-10-23 10:54:53.942+05:30,
252,3,,HELP HIGH SCHOOL,,,,,,,,,,,t,2024-10-23 10:54:53.942+05:30,2024-10-23 10:54:53.942+05:30,
255,3,,HOLY CROSS HIGH SCHOOL,,,,,,,,,,,t,2024-10-23 10:54:53.942+05:30,2024-10-23 10:54:53.942+05:30,
258,3,,HOLY FAMILY HIGH SCHOOL,,,,,,,,,,,t,2024-10-23 10:54:53.942+05:30,2024-10-23 10:54:53.942+05:30,
261,4,,HOLY TRINITY HIGHER SECONDARY SCHOOL,,,,,,,,,,,t,2024-10-23 10:54:53.942+05:30,2024-10-23 10:54:53.942+05:30,
267,3,,HUTATMA BALA GOPAL DESSAI MEMORIAL GOVERNMENT HIGH SCHOOL DADACHIWADI DHARGAL,,,,,,,,,,,t,2024-10-23 10:54:53.942+05:30,2024-10-23 10:54:53.942+05:30,
271,3,,IMMACULATE CONCEPTION HIGH SCHOOL,,,,,,,,,,,t,2024-10-23 10:54:53.943+05:30,2024-10-23 10:54:53.943+05:30,
274,3,,INFANT JESUS ACADEMY,,,,,,,,,,,t,2024-10-23 10:54:53.943+05:30,2024-10-23 10:54:53.943+05:30,
277,4,,INFANT JESUS HIGHER SECONDARY SCHOOL,,,,,,,,,,,t,2024-10-23 10:54:53.943+05:30,2024-10-23 10:54:53.943+05:30,
280,3,,"J.A. CHOPDEKAR MEMORIAL GOVERNMENT HIGH SCHOOL, AGARWADA",,,,,,,,,,,t,2024-10-23 10:54:53.943+05:30,2024-10-23 10:54:53.943+05:30,
292,3,,KESHAV SMRUTI ENGLISH HIGH SCHOOL,,,,,,,,,,,t,2024-10-23 10:54:53.944+05:30,2024-10-23 10:54:53.944+05:30,
295,3,,L.D. SAMANT MEMORIAL HIGH SCHOOL,,,,,,,,,,,t,2024-10-23 10:54:53.944+05:30,2024-10-23 10:54:53.944+05:30,
311,4,,M.E.S. COLLAGE HIGHER SECONDARY SECTION (ARTS & COMMERCE),,,,,,,,,,,t,2024-10-23 10:54:53.945+05:30,2024-10-23 10:54:53.945+05:30,
341,3,,Navyug Niketan School,,,,,,,,,,,t,2024-10-23 10:54:53.946+05:30,2024-10-23 10:54:53.946+05:30,
362,3,,Our Lady Of Perpetual Succour Convent High School,,,,,,,,,,,t,2024-10-23 10:54:53.947+05:30,2024-10-23 10:54:53.947+05:30,
366,3,,OUR LADY OF ROSARY HIGH SCHOOL,,,,,,,,,,,t,2024-10-23 10:54:53.948+05:30,2024-10-23 10:54:53.948+05:30,
369,3,,OUR LADY OF SNOW HIGH SCHOOL,,,,,,,,,,,t,2024-10-23 10:54:53.948+05:30,2024-10-23 10:54:53.948+05:30,
372,3,,PARSE HIGH SCHOOL,,,,,,,,,,,t,2024-10-23 10:54:53.948+05:30,2024-10-23 10:54:53.948+05:30,
375,4,,PEOPLE'S HIGHER SECONDARY SCHOOL,,,,,,,,,,,t,2024-10-23 10:54:53.948+05:30,2024-10-23 10:54:53.948+05:30,
378,3,,POIRA HIGH SCHOOL,,,,,,,,,,,t,2024-10-23 10:54:53.948+05:30,2024-10-23 10:54:53.948+05:30,
381,4,,POPE JOHN XXIII HIGHER SECONDARY SCHOOL,,,,,,,,,,,t,2024-10-23 10:54:53.948+05:30,2024-10-23 10:54:53.948+05:30,
384,3,,POSH ENGLISH HIGH SCHOOL,,,,,,,,,,,t,2024-10-23 10:54:53.948+05:30,2024-10-23 10:54:53.948+05:30,
387,3,,PRAGATI VIDYALAYA,,,,,,,,,,,t,2024-10-23 10:54:53.948+05:30,2024-10-23 10:54:53.948+05:30,
390,3,,PROGRESS HIGH SCHOOL,,,,,,,,,,,t,2024-10-23 10:54:53.948+05:30,2024-10-23 10:54:53.948+05:30,
395,3,,RAMAKANT D. KHALAP HIGH SCHOOL,,,,,,,,,,,t,2024-10-23 10:54:53.948+05:30,2024-10-23 10:54:53.948+05:30,
400,3,,ROSARY HIGH SCHOOL,,,,,,,,,,,t,2024-10-23 10:54:53.948+05:30,2024-10-23 10:54:53.948+05:30,
412,3,,SANJAY CENTRE FOR SPECIAL EDUCATION GOA,,,,,,,,,,,t,2024-10-23 10:54:53.949+05:30,2024-10-23 10:54:53.949+05:30,
426,3,,SEMINARY OF OUR LADY HIGH SCHOOL,,,,,,,,,,,t,2024-10-23 10:54:53.95+05:30,2024-10-23 10:54:53.95+05:30,
431,3,,SHIKSHA SADAN,,,,,,,,,,,t,2024-10-23 10:54:53.95+05:30,2024-10-23 10:54:53.95+05:30,
436,3,,SHREE BALRAM RESIDENTIAL HIGH SCHOOL,,,,,,,,,,,t,2024-10-23 10:54:53.95+05:30,2024-10-23 10:54:53.95+05:30,
459,3,,SHRI DAMODAR VIDYALAYA,,,,,,,,,,,t,2024-10-23 10:54:53.951+05:30,2024-10-23 10:54:53.951+05:30,
480,3,,SHRI SHRADHANAND VIDYALAYA,,,,,,,,,,,t,2024-10-23 10:54:53.953+05:30,2024-10-23 10:54:53.953+05:30,
485,4,,SIDDHARTH BANDODKAR HIGHER SECONDARY SCHOOL,,,,,,,,,,,t,2024-10-23 10:54:53.953+05:30,2024-10-23 10:54:53.953+05:30,
490,3,,SMT. KAMLABAI HEDE HIGH SCHOOL,,,,,,,,,,,t,2024-10-23 10:54:53.953+05:30,2024-10-23 10:54:53.953+05:30,
495,3,,SOMNATH ENGLISH HIGH SCHOOL,,,,,,,,,,,t,2024-10-23 10:54:53.953+05:30,2024-10-23 10:54:53.953+05:30,
500,3,,"ST. ALOYSIUS HIGH SCHOOL,",,,,,,,,,,,t,2024-10-23 10:54:53.954+05:30,2024-10-23 10:54:53.954+05:30,
504,3,,ST. ANN'S HIGH SCHOOL,,,,,,,,,,,t,2024-10-23 10:54:53.954+05:30,2024-10-23 10:54:53.954+05:30,
510,3,,ST. ANTHONY'S HIGH SCHOOL,,,,,,,,,,,t,2024-10-23 10:54:53.954+05:30,2024-10-23 10:54:53.954+05:30,
515,3,,ST. BARTHOLOMEW'S HIGH SCHOOL,,,,,,,,,,,t,2024-10-23 10:54:53.954+05:30,2024-10-23 10:54:53.954+05:30,
519,3,,ST. ELIZABETH'S HIGH SCHOOL,,,,,,,,,,,t,2024-10-23 10:54:53.954+05:30,2024-10-23 10:54:53.954+05:30,
523,3,,ST. JOHN OF THE CROSS HIGH SCHOOL,,,,,,,,,,,t,2024-10-23 10:54:53.954+05:30,2024-10-23 10:54:53.954+05:30,
527,3,,ST. JOSEPH VAZ HIGH SCHOOL,,,,,,,,,,,t,2024-10-23 10:54:53.954+05:30,2024-10-23 10:54:53.954+05:30,
531,3,,ST. JOSEPH'S HIGH SCHOOL,,,,,,,,,,,t,2024-10-23 10:54:53.955+05:30,2024-10-23 10:54:53.955+05:30,
535,3,,ST. MARY'S CONVENT HIGH SCHOOL,,,,,,,,,,,t,2024-10-23 10:54:53.956+05:30,2024-10-23 10:54:53.956+05:30,
537,3,,ST. MARY'S HIGH SCHOOL,,,,,,,,,,,t,2024-10-23 10:54:53.956+05:30,2024-10-23 10:54:53.956+05:30,
539,4,,ST. MICHAEL HIGHER SECONDARY SCHOOL,,,,,,,,,,,t,2024-10-23 10:54:53.956+05:30,2024-10-23 10:54:53.956+05:30,
541,3,,ST. PIUS X HIGH SCHOOL,,,,,,,,,,,t,2024-10-23 10:54:53.956+05:30,2024-10-23 10:54:53.956+05:30,
546,3,,"ST. THERESA HIGH SCHOOL,",,,,,,,,,,,t,2024-10-23 10:54:53.956+05:30,2024-10-23 10:54:53.956+05:30,
550,3,,ST. THERESE'S HIGH SCHOOL,,,,,,,,,,,t,2024-10-23 10:54:53.956+05:30,2024-10-23 10:54:53.956+05:30,
552,3,,ST. THOMAS GIRLS HIGH SCHOOL,,,,,,,,,,,t,2024-10-23 10:54:53.957+05:30,2024-10-23 10:54:53.957+05:30,
561,4,,ST.FRANCIS XAVIER'S HIGHER SECONDARY SCHOOL,,,,,,,,,,,t,2024-10-23 10:54:53.957+05:30,2024-10-23 10:54:53.957+05:30,
567,4,,SWAMI VIVEKANAND HIGHER SECONDARY SCHOOL,,,,,,,,,,,t,2024-10-23 10:54:53.957+05:30,2024-10-23 10:54:53.957+05:30,
571,3,,"THE ROSARY HIGH SCHOOL,",,,,,,,,,,,t,2024-10-23 10:54:53.958+05:30,2024-10-23 10:54:53.958+05:30,
575,3,,"UNION HIGH SCHOOL,",,,,,,,,,,,t,2024-10-23 10:54:53.958+05:30,2024-10-23 10:54:53.958+05:30,
579,3,,V. D. & S. V. WAGLE HIGH SCHOOL,,,,,,,,,,,t,2024-10-23 10:54:53.958+05:30,2024-10-23 10:54:53.958+05:30,
583,3,,VIDHYA VIHAR HIGH SCHOOL,,,,,,,,,,,t,2024-10-23 10:54:53.958+05:30,2024-10-23 10:54:53.958+05:30,
587,4,,VIDYA VIKAS MANDAL'S RAMACRISHNA MADEVA SALGAOCAR HIGHER SECONDARY SCHOOL,,,,,,,,,,,t,2024-10-23 10:54:53.958+05:30,2024-10-23 10:54:53.958+05:30,
591,3,,VIJAYANANDA HIGH SCHOOL,,,,,,,,,,,t,2024-10-23 10:54:53.958+05:30,2024-10-23 10:54:53.958+05:30,
595,3,,VIVEKANAND DNYAN MANDIR HIGH SCHOOL,,,,,,,,,,,t,2024-10-23 10:54:53.958+05:30,2024-10-23 10:54:53.958+05:30,
264,4,,HS110 - ESTELLAR HIGHER SECONDARY SCHOOL OF EXCELLENCE,,,,,,,,,,,t,2024-10-23 10:54:53.942+05:30,2024-10-23 10:54:53.942+05:30,
290,3,,"KEERTI VIDYALAYA,",,,,,,,,,,,t,2024-10-23 10:54:53.944+05:30,2024-10-23 10:54:53.944+05:30,
310,4,,M.E.F'S HIGHER SECONDARY SCHOOL OF SCIENCE,,,,,,,,,,,t,2024-10-23 10:54:53.945+05:30,2024-10-23 10:54:53.945+05:30,
315,3,,MAHALAXMI HIGH SCHOOL,,,,,,,,,,,t,2024-10-23 10:54:53.945+05:30,2024-10-23 10:54:53.945+05:30,
342,3,,NEW ENGLISH HIGH SCHOOL,,,,,,,,,,,t,2024-10-23 10:54:53.946+05:30,2024-10-23 10:54:53.946+05:30,
346,3,,NEW ERA HIGH SCHOOL,,,,,,,,,,,t,2024-10-23 10:54:53.947+05:30,2024-10-23 10:54:53.947+05:30,
349,3,,OUR LADY OF CANDELARIA HIGH SCHOOL,,,,,,,,,,,t,2024-10-23 10:54:53.947+05:30,2024-10-23 10:54:53.947+05:30,
352,3,,OUR LADY OF DIVAR HIGH SCHOOL,,,,,,,,,,,t,2024-10-23 10:54:53.947+05:30,2024-10-23 10:54:53.947+05:30,
354,3,,OUR LADY OF GRACE HIGH SCHOOL,,,,,,,,,,,t,2024-10-23 10:54:53.947+05:30,2024-10-23 10:54:53.947+05:30,
356,3,,OUR LADY OF LOURDES HIGH SCHOOL,,,,,,,,,,,t,2024-10-23 10:54:53.947+05:30,2024-10-23 10:54:53.947+05:30,
358,4,,OUR LADY OF LOURDES HIGHER SECONDARY SCHOOL,,,,,,,,,,,t,2024-10-23 10:54:53.947+05:30,2024-10-23 10:54:53.947+05:30,
360,3,,OUR LADY OF MOUNT CARMEL HIGH SCHOOL,,,,,,,,,,,t,2024-10-23 10:54:53.947+05:30,2024-10-23 10:54:53.947+05:30,
361,3,,OUR LADY OF PERPETUAL HIGH SCHOOL,,,,,,,,,,,t,2024-10-23 10:54:53.947+05:30,2024-10-23 10:54:53.947+05:30,
393,4,,RAGHUVIR & PREMAVATI SALKAR HIGHER SECONDARY SCHOOL,,,,,,,,,,,t,2024-10-23 10:54:53.948+05:30,2024-10-23 10:54:53.948+05:30,
398,3,,RAVINDRA KELEKAR DNYANMANDIR,,,,,,,,,,,t,2024-10-23 10:54:53.948+05:30,2024-10-23 10:54:53.948+05:30,
411,3,,SAI VIDYA MANDIR,,,,,,,,,,,t,2024-10-23 10:54:53.949+05:30,2024-10-23 10:54:53.949+05:30,
424,3,,SAVIOUR OF THE WORLD HIGH SCHOOL,,,,,,,,,,,t,2024-10-23 10:54:53.95+05:30,2024-10-23 10:54:53.95+05:30,
429,4,,"SHARADA HIGHER SECONDARY SECONDARY SCHOOL OF ARTS, COMMERCE & AGRICULTURE",,,,,,,,,,,t,2024-10-23 10:54:53.95+05:30,2024-10-23 10:54:53.95+05:30,
434,4,,SHIVGRAM EDUCATIONAL SOCIETY SHIRODA HIGHER SECONDARY SCHOOL,,,,,,,,,,,t,2024-10-23 10:54:53.95+05:30,2024-10-23 10:54:53.95+05:30,
439,4,,SHREE DAMODAR HIGHER SECONDARY SCHOOL OF SCIENCE,,,,,,,,,,,t,2024-10-23 10:54:53.95+05:30,2024-10-23 10:54:53.95+05:30,
442,3,,SHREE GANESH VIDYAMANDIR HIGH SCHOOL,,,,,,,,,,,t,2024-10-23 10:54:53.951+05:30,2024-10-23 10:54:53.951+05:30,
445,4,,SHREE MALLIKARJUN HIGHER SECONDARY SCHOOL OF SCIENCE ARTS AND COMMERCE CANACONA GOA,,,,,,,,,,,t,2024-10-23 10:54:53.951+05:30,2024-10-23 10:54:53.951+05:30,
448,3,,SHREE RAM VIDYA MANDIR,,,,,,,,,,,t,2024-10-23 10:54:53.951+05:30,2024-10-23 10:54:53.951+05:30,
451,3,,SHREE SHANTADURGA VIDYALAYA,,,,,,,,,,,t,2024-10-23 10:54:53.951+05:30,2024-10-23 10:54:53.951+05:30,
454,3,,SHREE SUSENASHRAM VIDHYALAY,,,,,,,,,,,t,2024-10-23 10:54:53.951+05:30,2024-10-23 10:54:53.951+05:30,
457,4,,SHRI BHUMIKA HIGHER SECONDARY SCHOOL,,,,,,,,,,,t,2024-10-23 10:54:53.951+05:30,2024-10-23 10:54:53.951+05:30,
462,3,,SHRI GANESH VIDHALAYA,,,,,,,,,,,t,2024-10-23 10:54:53.951+05:30,2024-10-23 10:54:53.951+05:30,
464,3,,SHRI KAMAKSHI HIGH SCHOOL,,,,,,,,,,,t,2024-10-23 10:54:53.952+05:30,2024-10-23 10:54:53.952+05:30,
466,3,,"SHRI KAMALESHWAR HIGH SCHOOL - PETHECHAWADA KORGAO, PERNEM - GOA",,,,,,,,,,,t,2024-10-23 10:54:53.952+05:30,2024-10-23 10:54:53.952+05:30,
468,3,,SHRI KATYANI BANESHWAR VIDYALAYA,,,,,,,,,,,t,2024-10-23 10:54:53.952+05:30,2024-10-23 10:54:53.952+05:30,
470,3,,SHRI MALLIKARJUN VIDYALAYA HIGH SCHOOL,,,,,,,,,,,t,2024-10-23 10:54:53.952+05:30,2024-10-23 10:54:53.952+05:30,
472,3,,"SHRI NAVDURGA HIGH SCHOOL,",,,,,,,,,,,t,2024-10-23 10:54:53.953+05:30,2024-10-23 10:54:53.953+05:30,
474,3,,SHRI SARASWATI HIGH SCHOOL,,,,,,,,,,,t,2024-10-23 10:54:53.953+05:30,2024-10-23 10:54:53.953+05:30,
476,4,,SHRI SARASWATI HIGHER SECONDARY SCHOOL,,,,,,,,,,,t,2024-10-23 10:54:53.953+05:30,2024-10-23 10:54:53.953+05:30,
478,3,,SHRI SHANTADURGA HIGH SCHOOL,,,,,,,,,,,t,2024-10-23 10:54:53.953+05:30,2024-10-23 10:54:53.953+05:30,
483,3,,SHRI. NAVADURGA EDUCATION STY TAGORE EDUCATIONAL INSTITUTE,,,,,,,,,,,t,2024-10-23 10:54:53.953+05:30,2024-10-23 10:54:53.953+05:30,
488,3,,SMT. CHANDRABHAGA TUKOBA UP HIGH SCHOOL,,,,,,,,,,,t,2024-10-23 10:54:53.953+05:30,2024-10-23 10:54:53.953+05:30,
493,3,,SMT. TARABAI DALVI HIGH SCHOOL,,,,,,,,,,,t,2024-10-23 10:54:53.953+05:30,2024-10-23 10:54:53.953+05:30,
498,3,,ST THOMAS BOY'S HIGH SCHOOL,,,,,,,,,,,t,2024-10-23 10:54:53.953+05:30,2024-10-23 10:54:53.953+05:30,
502,4,,ST. ANDREW'S HIGHER SECONDARY SCHOOL,,,,,,,,,,,t,2024-10-23 10:54:53.954+05:30,2024-10-23 10:54:53.954+05:30,
506,3,,ST. ANNE'S HIGH SCHOOL,,,,,,,,,,,t,2024-10-23 10:54:53.954+05:30,2024-10-23 10:54:53.954+05:30,
511,3,,ST. ANTHONY'S HIGH SCHOOL,,,,,,,,,,,t,2024-10-23 10:54:53.954+05:30,2024-10-23 10:54:53.954+05:30,
516,3,,ST. BRITTO'S HIGH SCHOOL,,,,,,,,,,,t,2024-10-23 10:54:53.954+05:30,2024-10-23 10:54:53.954+05:30,
520,3,,ST. FRANCIS XAVIER HIGH SCHOOL,,,,,,,,,,,t,2024-10-23 10:54:53.954+05:30,2024-10-23 10:54:53.954+05:30,
524,3,,ST. JOSEPH HIGH SCHOOL,,,,,,,,,,,t,2024-10-23 10:54:53.954+05:30,2024-10-23 10:54:53.954+05:30,
528,3,,"ST. JOSEPH''S CONVENT HIGH SCHOOL, NAGOA - VERNA",,,,,,,,,,,t,2024-10-23 10:54:53.955+05:30,2024-10-23 10:54:53.955+05:30,
532,3,,ST. JOSEPH'S INSTITUTE,,,,,,,,,,,t,2024-10-23 10:54:53.955+05:30,2024-10-23 10:54:53.955+05:30,
536,3,,ST. MARY'S HIGH SCHOOL,,,,,,,,,,,t,2024-10-23 10:54:53.956+05:30,2024-10-23 10:54:53.956+05:30,
538,3,,"ST. MICHAEL HIGH SCHOOL,",,,,,,,,,,,t,2024-10-23 10:54:53.956+05:30,2024-10-23 10:54:53.956+05:30,
540,3,,ST. MICHAEL'S CONVENT HIGH SCHOOL,,,,,,,,,,,t,2024-10-23 10:54:53.956+05:30,2024-10-23 10:54:53.956+05:30,
542,3,,ST. RITA'S HIGH SCHOOL,,,,,,,,,,,t,2024-10-23 10:54:53.956+05:30,2024-10-23 10:54:53.956+05:30,
547,3,,ST. THERESA OF JESUS HIGH SCHOOL,,,,,,,,,,,t,2024-10-23 10:54:53.956+05:30,2024-10-23 10:54:53.956+05:30,
551,3,,ST. THEREZA'S CONVENT HIGH SCHOOL,,,,,,,,,,,t,2024-10-23 10:54:53.957+05:30,2024-10-23 10:54:53.957+05:30,
556,3,,ST. XAVIER'S HIGH SCHOOL,,,,,,,,,,,t,2024-10-23 10:54:53.957+05:30,2024-10-23 10:54:53.957+05:30,
557,3,,ST. XAVIER'S HIGH SCHOOL,,,,,,,,,,,t,2024-10-23 10:54:53.957+05:30,2024-10-23 10:54:53.957+05:30,
558,4,,ST. XAVIER'S HIGHER SECONDARY SCHOOL,,,,,,,,,,,t,2024-10-23 10:54:53.957+05:30,2024-10-23 10:54:53.957+05:30,
559,3,,ST. XAVIER'S INSTITUTE HIGH SCHOOL,,,,,,,,,,,t,2024-10-23 10:54:53.957+05:30,2024-10-23 10:54:53.957+05:30,
560,4,,ST.ALEX HIGHER SECONDARY SCHOOL,,,,,,,,,,,t,2024-10-23 10:54:53.957+05:30,2024-10-23 10:54:53.957+05:30,
566,3,,SURASHRI KESARBAI KERKAR HIGH SCHOOL,,,,,,,,,,,t,2024-10-23 10:54:53.957+05:30,2024-10-23 10:54:53.957+05:30,
570,3,,"THE PROGRESS HIGH SCHOOL, PANAJI",,,,,,,,,,,t,2024-10-23 10:54:53.957+05:30,2024-10-23 10:54:53.957+05:30,
574,3,,UNION HIGH SCHOOL,,,,,,,,,,,t,2024-10-23 10:54:53.958+05:30,2024-10-23 10:54:53.958+05:30,
578,4,,V V P's V. R. GAUNS MEM. HIGHER SECONDARY SCHOOL,,,,,,,,,,,t,2024-10-23 10:54:53.958+05:30,2024-10-23 10:54:53.958+05:30,
582,4,,VASSANT V.S. KUKALEKAR HIGHER SECONDARY SCHOOL OF ARTS & COMMERCE,,,,,,,,,,,t,2024-10-23 10:54:53.958+05:30,2024-10-23 10:54:53.958+05:30,
586,4,,VIDYA PRABHODHINI HIGHER SECONDARY SCHOOL,,,,,,,,,,,t,2024-10-23 10:54:53.958+05:30,2024-10-23 10:54:53.958+05:30,
590,3,,VIDYAPRASARAK HIGH SCHOOL,,,,,,,,,,,t,2024-10-23 10:54:53.958+05:30,2024-10-23 10:54:53.958+05:30,
594,4,,VISHWANATH MAHADEV PARULEKAR HIGHER SECONDARY SCHOOL,,,,,,,,,,,t,2024-10-23 10:54:53.958+05:30,2024-10-23 10:54:53.958+05:30,
598,3,,YUWAK SANGH HIGH SCHOOL,,,,,,,,,,,t,2024-10-23 10:54:53.959+05:30,2024-10-23 10:54:53.959+05:30,
514,3,,"ST. ANTHONY''S HIGH SCHOOL, Monte de Guirim",,,,,,,,,,,t,2024-10-23 10:54:53.954+05:30,2024-10-23 10:54:53.954+05:30,
543,3,,ST. RITA'S HIGH SCHOOL,,,,,,,,,,,t,2024-10-23 10:54:53.956+05:30,2024-10-23 10:54:53.956+05:30,
553,3,,ST. THOMAS HIGH SCHOOL,,,,,,,,,,,t,2024-10-23 10:54:53.957+05:30,2024-10-23 10:54:53.957+05:30,
562,3,,ST.JOSEPH'S EDUCATIONAL INSTITUTE HIGH SCHOOL,,,,,,,,,,,t,2024-10-23 10:54:53.957+05:30,2024-10-23 10:54:53.957+05:30,
568,4,,THE KAMAKSHI EDUCATION SOCIETY HIGHER SECONDARY SCHOOL,,,,,,,,,,,t,2024-10-23 10:54:53.957+05:30,2024-10-23 10:54:53.957+05:30,
572,3,,TRISTAO BRAGANZA CUNHA NEW HIGH SCHOOL,,,,,,,,,,,t,2024-10-23 10:54:53.958+05:30,2024-10-23 10:54:53.958+05:30,
576,3,,UNITY HIGH SCHOOL,,,,,,,,,,,t,2024-10-23 10:54:53.958+05:30,2024-10-23 10:54:53.958+05:30,
580,3,,VADEM NAGAR ENGLISH HIGH SCHOOL,,,,,,,,,,,t,2024-10-23 10:54:53.958+05:30,2024-10-23 10:54:53.958+05:30,
584,3,,VIDYA MANDIR,,,,,,,,,,,t,2024-10-23 10:54:53.958+05:30,2024-10-23 10:54:53.958+05:30,
588,3,,VIDYA VRUDDHI SCHOOL,,,,,,,,,,,t,2024-10-23 10:54:53.958+05:30,2024-10-23 10:54:53.958+05:30,
592,3,,VIKAS HIGH SCHOOL,,,,,,,,,,,t,2024-10-23 10:54:53.958+05:30,2024-10-23 10:54:53.958+05:30,
596,4,,VIVEKANAND HIGHER SECONDARY SCHOOL,,,,,,,,,,,t,2024-10-23 10:54:53.958+05:30,2024-10-23 10:54:53.958+05:30,
60,5,GU,Goa University,,,,,,,,,,,t,2024-10-18 11:53:47.663922+05:30,2024-10-18 11:53:47.663922+05:30,
601,3,,Others,,,,,,,,,,,t,2024-10-18 11:53:47.663922+05:30,2024-10-18 11:53:47.663922+05:30,
602,4,,Others,,,,,,,,,,,t,2024-10-18 11:53:47.663922+05:30,2024-10-18 11:53:47.663922+05:30,
603,5,,Others,,,,,,,,,,,t,2024-10-18 11:53:47.663922+05:30,2024-10-18 11:53:47.663922+05:30,
65,5,,test institute,,,,,,,,,,,f,2024-10-18 11:53:47.663922+05:30,2024-10-18 11:53:47.663922+05:30,
66,5,,test institute 2,,,,,,,,,,,f,2024-10-18 11:53:47.663922+05:30,2024-10-18 11:53:47.663922+05:30,
